"archivo","bytes","sha256","estado","origenes"
".gitkeep","0","e3b0c44298fc1c149afbf4c8996fb92427ae41e4649b934ca495991b7852b855","SIN ATRIBUCION NUGET",""
"appsettings.Development.json","119","817db0bf2ecca78364c41dbaf7949bf2504cf47a1c3d0d54f3be8178fefc030b","SIN ATRIBUCION NUGET",""
"appsettings.json","157","20c04cabc53c0d93d764e9c258b6d4283afe941384325620c962948480e57228","SIN ATRIBUCION NUGET",""
"aspnetcorev2_inprocess.dll","392488","3a0131399a65dd63d50f325b62dfdb891ddacc80a1a9180897af159651fcb5a5","HASH COINCIDE; REVISION PENDIENTE","Microsoft.AspNetCore.App.Runtime.win-x64/10.0.12:runtimes/win-x64/native/aspnetcorev2_inprocess.dll"
"BouncyCastle.Cryptography.dll","5155728","ef92fc661e8d7ba8ec4d39a7cdfcdba41f14cb327f0d24fe79d0b5bb428899b5","HASH COINCIDE; REVISION PENDIENTE","BouncyCastle.Cryptography/2.7.0:lib/net6.0/BouncyCastle.Cryptography.dll"
"ClosedXML.dll","1692160","d20270efad0d3f5a17ed35c6fe512c2071b1ed40a57ce91199897f41760ec1bc","HASH COINCIDE; REVISION PENDIENTE","ClosedXML/0.105.1:lib/netstandard2.1/ClosedXML.dll"
"ClosedXML.Parser.dll","192000","8d36e75b9b238e57ddd4122d0e2f6105acdc873bce2f297277ae0a25ddf610eb","HASH COINCIDE; REVISION PENDIENTE","ClosedXML.Parser/2.0.0:lib/netstandard2.1/ClosedXML.Parser.dll"
"clretwrc.dll","317736","7a2186201c87bbc597a1b8b26facd88e68f03be4c4a4211fd65cc6595c72e45b","HASH COINCIDE; REVISION PENDIENTE","Microsoft.NETCore.App.Runtime.win-x64/10.0.12:runtimes/win-x64/native/clretwrc.dll"
"clrgc.dll","674088","65e2f97d263824bfb9f75f92e66ebd22229aaf3a5faddef9345811d856c8840e","HASH COINCIDE; REVISION PENDIENTE","Microsoft.NETCore.App.Runtime.win-x64/10.0.12:runtimes/win-x64/native/clrgc.dll"
"clrgcexp.dll","711464","23a8050ec68542989b6da6cc906a90faf8a14e6416fd2871a260b781b1c374ae","HASH COINCIDE; REVISION PENDIENTE","Microsoft.NETCore.App.Runtime.win-x64/10.0.12:runtimes/win-x64/native/clrgcexp.dll"
"clrjit.dll","2092328","0749d8fc8e944d0576e1bb47120f87add8f875e5cd8968995633063fc79256f6","HASH COINCIDE; REVISION PENDIENTE","Microsoft.NETCore.App.Runtime.win-x64/10.0.12:runtimes/win-x64/native/clrjit.dll"
"COPYRIGHT-Druse.txt","2708","19cf034a6f4ce0a29f32cf589414468e29ffd3a13d742a044927d83bbce8a9fd","SIN ATRIBUCION NUGET",""
"coreclr.dll","4614992","128aee8c62a673d64739e585e3876b61133571cec83a46240a62581d5465639b","HASH COINCIDE; REVISION PENDIENTE","Microsoft.NETCore.App.Runtime.win-x64/10.0.12:runtimes/win-x64/native/coreclr.dll"
"createdump.exe","71552","315307159925d33eb604186a512901d080ecfc4cd8b8198030a7d398c6af2b0b","HASH COINCIDE; REVISION PENDIENTE","Microsoft.NETCore.App.Runtime.win-x64/10.0.12:runtimes/win-x64/native/createdump.exe"
"cs/Microsoft.Data.SqlClient.resources.dll","260032","939d7ce86b7f09073637b6d91ebc44da12801109676540d0bf630e3cf3f62b57","HASH COINCIDE; REVISION PENDIENTE","Microsoft.Data.SqlClient/7.0.2:lib/net9.0/cs/Microsoft.Data.SqlClient.resources.dll"
"de/Microsoft.Data.SqlClient.resources.dll","270232","39573766507ebc20be5025fcb98138e9498815f9e00a9893e8b0730e11ee8607","HASH COINCIDE; REVISION PENDIENTE","Microsoft.Data.SqlClient/7.0.2:lib/net9.0/de/Microsoft.Data.SqlClient.resources.dll"
"DocumentFormat.OpenXml.dll","6349424","5a0c237a7467dde85bce402d124b7a07777531607837eb59ee62a9a79905ff43","HASH COINCIDE; REVISION PENDIENTE","DocumentFormat.OpenXml/3.1.1:lib/net8.0/DocumentFormat.OpenXml.dll"
"DocumentFormat.OpenXml.Framework.dll","471152","ddae1f34e78971a731193e459c3aed54314f93a54d51c2457e12ccc169bf5663","HASH COINCIDE; REVISION PENDIENTE","DocumentFormat.OpenXml.Framework/3.1.1:lib/net8.0/DocumentFormat.OpenXml.Framework.dll"
"Druse.Application.dll","328192","4c495b350968eae17d806f3e2dc0b465f9d0c82a19d2d2479015871ee66e2468","SIN ATRIBUCION NUGET",""
"Druse.Database.Abstractions.dll","96768","c8f9d671c659c68c344993296ca7f42239c84b5bb7cea0d38b8e855db479440c","SIN ATRIBUCION NUGET",""
"Druse.Domain.dll","192000","6a48c4caa2aec8ddc3f72bdc04fa608517d2c4c7c6df5947f772145ad0458e92","SIN ATRIBUCION NUGET",""
"Druse.Host.LocalApi.deps.json","81863","ebb490351aef90bcb3bf3875daf35fef88cf140c298556046330672fc4bf8f25","SIN ATRIBUCION NUGET",""
"Druse.Host.LocalApi.dll","487424","3d22382ddaa1de82ade79b2ce3bbd2d2b736653855491c5a57f94ddd37274be7","SIN ATRIBUCION NUGET",""
"Druse.Host.LocalApi.exe","162304","d48f064824c73a29fe95a4f0647cdb50c92951668651d7fcbd6f116840ae516c","SIN ATRIBUCION NUGET",""
"Druse.Host.LocalApi.runtimeconfig.json","549","d00b3f51b6ac952171b65d1dd0f238f25a2ff02022a3c972c53a4592be66fb92","SIN ATRIBUCION NUGET",""
"Druse.Host.LocalApi.staticwebassets.endpoints.json","53","c1686417e8d5c31bba969f12b6f3d2b35e6609adb5ca42f212261a3a02771aac","SIN ATRIBUCION NUGET",""
"Druse.Infrastructure.dll","155136","9b567e57e10cb143968b08384248e0d6f90c8af1ee164f6c982ad2790d3e0efe","SIN ATRIBUCION NUGET",""
"Druse.Persistence.Sqlite.dll","134144","d46050cef8cdb27fcbf1565e63c48ab05d4690d0556fb9d079fba825ec45e1bf","SIN ATRIBUCION NUGET",""
"Druse.Platform.Abstractions.dll","14848","d590221f0e7c0d66076acdc6994aa1b41d901332dd379fa012ff03be4ca8e47f","SIN ATRIBUCION NUGET",""
"Druse.Platform.Native.dll","34816","1fca679a1be5a86d3cbaf1421e85cbe84eb98b6c89ee4ff166b82c0e10dfd027","SIN ATRIBUCION NUGET",""
"Druse.Provider.MySql.dll","94720","790e92ec526ab4d7f700ad74e007a8663c42edbbf399036a9aba16b0b60d5ce0","SIN ATRIBUCION NUGET",""
"Druse.Provider.PostgreSql.dll","99328","5803ac443e598411163b32050c8601d9f38218dea06ec8e8ea831d4e45f0f07f","SIN ATRIBUCION NUGET",""
"Druse.Provider.Sqlite.dll","123904","a65c0a1f06fdd57fb6307915fae7688ad49305ebde395c568443ee58e8812330","SIN ATRIBUCION NUGET",""
"Druse.Provider.SqlServer.dll","103936","9d0b8c87e6970c1edd878fb472060d3377b13b579e55db766aa48b13cd58142f","SIN ATRIBUCION NUGET",""
"Druse.Ssh.dll","10240","10c47f66e760ab3630e0903084358b2db162e9402e15525d1b68b220f8f026da","SIN ATRIBUCION NUGET",""
"e_sqlite3.dll","1978880","b7385d722c83fb52142a00477a726723745916d22a555711ee89834c1111fb2e","HASH COINCIDE; REVISION PENDIENTE","SQLitePCLRaw.lib.e_sqlite3/2.1.12:runtimes/win-x64/native/e_sqlite3.dll"
"es/Microsoft.Data.SqlClient.resources.dll","262080","784df39369afd212158a64e6f0712facd3e690b05d93de7bb66d937aaba608dc","HASH COINCIDE; REVISION PENDIENTE","Microsoft.Data.SqlClient/7.0.2:lib/net9.0/es/Microsoft.Data.SqlClient.resources.dll"
"ExcelNumberFormat.dll","30720","d7c45b8e4e1027831e2fc8cdf941faf51d28a66feacfcaaa737da73262e7b507","HASH COINCIDE; REVISION PENDIENTE","ExcelNumberFormat/1.1.0:lib/netstandard2.0/ExcelNumberFormat.dll"
"fr/Microsoft.Data.SqlClient.resources.dll","271256","af87c8338af8416566f6d186ef32a5ca2aa0e14718b3d5dd7bd6b45bee832c78","HASH COINCIDE; REVISION PENDIENTE","Microsoft.Data.SqlClient/7.0.2:lib/net9.0/fr/Microsoft.Data.SqlClient.resources.dll"
"hostfxr.dll","379688","838591885c5396fb0588a3aedc2f3e841d3afc67570868b1bce615264005a44c","HASH COINCIDE; REVISION PENDIENTE","Microsoft.NETCore.App.Runtime.win-x64/10.0.12:runtimes/win-x64/native/hostfxr.dll"
"hostpolicy.dll","378664","e92a2e71eeeaf7c574e905935b3e3724ef29bade44317659dbe06f505e99dbe0","HASH COINCIDE; REVISION PENDIENTE","Microsoft.NETCore.App.Runtime.win-x64/10.0.12:runtimes/win-x64/native/hostpolicy.dll"
"it/Microsoft.Data.SqlClient.resources.dll","263064","8dd4bc68484de5eec1002888a81d752b019e61b732cd42fe3be1ebeea8b230f9","HASH COINCIDE; REVISION PENDIENTE","Microsoft.Data.SqlClient/7.0.2:lib/net9.0/it/Microsoft.Data.SqlClient.resources.dll"
"ja/Microsoft.Data.SqlClient.resources.dll","292760","c2829f13f0dd96b931c35726aa18d67a93a3dbacec2b13dbe0e2e3b9b1edcaca","HASH COINCIDE; REVISION PENDIENTE","Microsoft.Data.SqlClient/7.0.2:lib/net9.0/ja/Microsoft.Data.SqlClient.resources.dll"
"ko/Microsoft.Data.SqlClient.resources.dll","270744","779bbb4d722c966e85861c15e5ed7ed0e2ba94e8e075676b22c437c99af070aa","HASH COINCIDE; REVISION PENDIENTE","Microsoft.Data.SqlClient/7.0.2:lib/net9.0/ko/Microsoft.Data.SqlClient.resources.dll"
"LICENSE-Druse.txt","35149","3972dc9744f6499f0f9b2dbf76696f2ae7ad8af9b23dde66d6af86c9dfb36986","SIN ATRIBUCION NUGET",""
"Microsoft.AspNetCore.Antiforgery.dll","120616","f417fe903c5fef3ad36cc6e9d73e5e4b9fbcb1bb855c7490aed7de60316419f0","HASH COINCIDE; REVISION PENDIENTE","Microsoft.AspNetCore.App.Runtime.win-x64/10.0.12:runtimes/win-x64/lib/net10.0/Microsoft.AspNetCore.Antiforgery.dll"
"Microsoft.AspNetCore.Authentication.Abstractions.dll","67408","62bfde62231404dc637ce47d5cec6deee338824efffa03a8dde907d8d049ad60","HASH COINCIDE; REVISION PENDIENTE","Microsoft.AspNetCore.App.Runtime.win-x64/10.0.12:runtimes/win-x64/lib/net10.0/Microsoft.AspNetCore.Authentication.Abstractions.dll"
"Microsoft.AspNetCore.Authentication.BearerToken.dll","71504","02ff8274770af515792d3cc5b129092787d9ba3b2d999ba187be9971b2b82eaa","HASH COINCIDE; REVISION PENDIENTE","Microsoft.AspNetCore.App.Runtime.win-x64/10.0.12:runtimes/win-x64/lib/net10.0/Microsoft.AspNetCore.Authentication.BearerToken.dll"
"Microsoft.AspNetCore.Authentication.Cookies.dll","116520","76bda5478425897628c1a29a22a82056fa13b6cd756a47389de9cda4fcf59a36","HASH COINCIDE; REVISION PENDIENTE","Microsoft.AspNetCore.App.Runtime.win-x64/10.0.12:runtimes/win-x64/lib/net10.0/Microsoft.AspNetCore.Authentication.Cookies.dll"
"Microsoft.AspNetCore.Authentication.Core.dll","116520","874392660a182a29ad1b5a22e9639293ac327ee9f5e989b8f5d9c87b7cd845f5","HASH COINCIDE; REVISION PENDIENTE","Microsoft.AspNetCore.App.Runtime.win-x64/10.0.12:runtimes/win-x64/lib/net10.0/Microsoft.AspNetCore.Authentication.Core.dll"
"Microsoft.AspNetCore.Authentication.dll","153384","73104deede0ab682e457e393832a9ed0fe25153349c974961f5a370f2ae2ad14","HASH COINCIDE; REVISION PENDIENTE","Microsoft.AspNetCore.App.Runtime.win-x64/10.0.12:runtimes/win-x64/lib/net10.0/Microsoft.AspNetCore.Authentication.dll"
"Microsoft.AspNetCore.Authentication.OAuth.dll","100136","736a5cbde674eae6973cfb12ec02d5bdbeddfeb9fd6fa4f544a8da495563e77a","HASH COINCIDE; REVISION PENDIENTE","Microsoft.AspNetCore.App.Runtime.win-x64/10.0.12:runtimes/win-x64/lib/net10.0/Microsoft.AspNetCore.Authentication.OAuth.dll"
"Microsoft.AspNetCore.Authorization.dll","116520","b41d6f875d0b1a99179fa65a1c5f92b2d2066047e681706b65906c2dbc23f413","HASH COINCIDE; REVISION PENDIENTE","Microsoft.AspNetCore.App.Runtime.win-x64/10.0.12:runtimes/win-x64/lib/net10.0/Microsoft.AspNetCore.Authorization.dll"
"Microsoft.AspNetCore.Authorization.Policy.dll","75600","4a32fa113253f5d6e999ee96a59e2d147cf712c6a3cab29622f7adcb3da64f40","HASH COINCIDE; REVISION PENDIENTE","Microsoft.AspNetCore.App.Runtime.win-x64/10.0.12:runtimes/win-x64/lib/net10.0/Microsoft.AspNetCore.Authorization.Policy.dll"
"Microsoft.AspNetCore.Components.Authorization.dll","63312","650717382403fe55378ee0062f40b5d9b093daaea4c398cdfac92b3ef2bc669d","HASH COINCIDE; REVISION PENDIENTE","Microsoft.AspNetCore.App.Runtime.win-x64/10.0.12:runtimes/win-x64/lib/net10.0/Microsoft.AspNetCore.Components.Authorization.dll"
"Microsoft.AspNetCore.Components.dll","952104","2030bb3a0d8d8fb76084ad4dbc3e31f372078d8111dd1fec6ae9c0ce23c583d7","HASH COINCIDE; REVISION PENDIENTE","Microsoft.AspNetCore.App.Runtime.win-x64/10.0.12:runtimes/win-x64/lib/net10.0/Microsoft.AspNetCore.Components.dll"
"Microsoft.AspNetCore.Components.Endpoints.dll","706384","6484fdff68008ed2841a6b9f769c6fdb31aee77734131907007e6d601e3795bc","HASH COINCIDE; REVISION PENDIENTE","Microsoft.AspNetCore.App.Runtime.win-x64/10.0.12:runtimes/win-x64/lib/net10.0/Microsoft.AspNetCore.Components.Endpoints.dll"
"Microsoft.AspNetCore.Components.Forms.dll","104232","d722a16bf0053741129ec60697b0b7502a178e0d01ccbe98c252046b189e18eb","HASH COINCIDE; REVISION PENDIENTE","Microsoft.AspNetCore.App.Runtime.win-x64/10.0.12:runtimes/win-x64/lib/net10.0/Microsoft.AspNetCore.Components.Forms.dll"
"Microsoft.AspNetCore.Components.Server.dll","927528","47bf8fb986982ac477ca6b4782d1ffd11a9c83294fce9fd9cd4e1d70b53120b7","HASH COINCIDE; REVISION PENDIENTE","Microsoft.AspNetCore.App.Runtime.win-x64/10.0.12:runtimes/win-x64/lib/net10.0/Microsoft.AspNetCore.Components.Server.dll"
"Microsoft.AspNetCore.Components.Web.dll","423720","c7bfc2c74881b23586c743b7c9963a7bd69906b6d79d52525f2b3ac2fed382db","HASH COINCIDE; REVISION PENDIENTE","Microsoft.AspNetCore.App.Runtime.win-x64/10.0.12:runtimes/win-x64/lib/net10.0/Microsoft.AspNetCore.Components.Web.dll"
"Microsoft.AspNetCore.Connections.Abstractions.dll","71464","50e62c202b6eef678f763d0a96588a1ae4f8040594c06e9934992518bea63eb1","HASH COINCIDE; REVISION PENDIENTE","Microsoft.AspNetCore.App.Runtime.win-x64/10.0.12:runtimes/win-x64/lib/net10.0/Microsoft.AspNetCore.Connections.Abstractions.dll"
"Microsoft.AspNetCore.CookiePolicy.dll","55080","ae4ad095bc6d74b4441c06c17d7b59ad21efb540f84452a15eaa6dc8d8ba82f3","HASH COINCIDE; REVISION PENDIENTE","Microsoft.AspNetCore.App.Runtime.win-x64/10.0.12:runtimes/win-x64/lib/net10.0/Microsoft.AspNetCore.CookiePolicy.dll"
"Microsoft.AspNetCore.Cors.dll","91944","9fb130ef9b9ea9101a2dec73bdc518add30a1d8e7d8a5d6d2596a6e18e7ec1b8","HASH COINCIDE; REVISION PENDIENTE","Microsoft.AspNetCore.App.Runtime.win-x64/10.0.12:runtimes/win-x64/lib/net10.0/Microsoft.AspNetCore.Cors.dll"
"Microsoft.AspNetCore.Cryptography.Internal.dll","108328","c9502c62d7f045da855d64acecabd0dd079869ec6323384468b831e33b13df82","HASH COINCIDE; REVISION PENDIENTE","Microsoft.AspNetCore.App.Runtime.win-x64/10.0.12:runtimes/win-x64/lib/net10.0/Microsoft.AspNetCore.Cryptography.Internal.dll"
"Microsoft.AspNetCore.Cryptography.KeyDerivation.dll","46888","35beb19fa0106cd99f884fd80fb972cc3cbd02a8cef67b3cb1bb67c61a765e29","HASH COINCIDE; REVISION PENDIENTE","Microsoft.AspNetCore.App.Runtime.win-x64/10.0.12:runtimes/win-x64/lib/net10.0/Microsoft.AspNetCore.Cryptography.KeyDerivation.dll"
"Microsoft.AspNetCore.DataProtection.Abstractions.dll","50984","3ee8801c29a292734945b38dcdb8a2e4483a5bbe4f74545093830ab55c843c0e","HASH COINCIDE; REVISION PENDIENTE","Microsoft.AspNetCore.App.Runtime.win-x64/10.0.12:runtimes/win-x64/lib/net10.0/Microsoft.AspNetCore.DataProtection.Abstractions.dll"
"Microsoft.AspNetCore.DataProtection.dll","456488","913e251bcea27044f76c39be087f03721346a13d44dcf4a1dc34a19c22ae28fe","HASH COINCIDE; REVISION PENDIENTE","Microsoft.AspNetCore.App.Runtime.win-x64/10.0.12:runtimes/win-x64/lib/net10.0/Microsoft.AspNetCore.DataProtection.dll"
"Microsoft.AspNetCore.DataProtection.Extensions.dll","46928","a66d9b8ef346ef2652200f81a3565154c3bba1875d5f9ffc9fa15d4ae1c36cbb","HASH COINCIDE; REVISION PENDIENTE","Microsoft.AspNetCore.App.Runtime.win-x64/10.0.12:runtimes/win-x64/lib/net10.0/Microsoft.AspNetCore.DataProtection.Extensions.dll"
"Microsoft.AspNetCore.Diagnostics.Abstractions.dll","34640","979242dcd88eeed2d08743cfb8af8fa9fa352033d3475079d7fd49f095fadd1b","HASH COINCIDE; REVISION PENDIENTE","Microsoft.AspNetCore.App.Runtime.win-x64/10.0.12:runtimes/win-x64/lib/net10.0/Microsoft.AspNetCore.Diagnostics.Abstractions.dll"
"Microsoft.AspNetCore.Diagnostics.dll","464680","de3248d54fee1e2873b3a2571a4b08b36c60805bb6eef976199b34ce636c9639","HASH COINCIDE; REVISION PENDIENTE","Microsoft.AspNetCore.App.Runtime.win-x64/10.0.12:runtimes/win-x64/lib/net10.0/Microsoft.AspNetCore.Diagnostics.dll"
"Microsoft.AspNetCore.Diagnostics.HealthChecks.dll","50984","4f2af7ac899a7721425746ff8ffb08e91eedb6d9de67c779d2220597dc4844c2","HASH COINCIDE; REVISION PENDIENTE","Microsoft.AspNetCore.App.Runtime.win-x64/10.0.12:runtimes/win-x64/lib/net10.0/Microsoft.AspNetCore.Diagnostics.HealthChecks.dll"
"Microsoft.AspNetCore.dll","116520","3bfd8a9ad4aa79e4cf809fab1cf133e0ceb43c89e80dc6eff47405f27cbf779f","HASH COINCIDE; REVISION PENDIENTE","Microsoft.AspNetCore.App.Runtime.win-x64/10.0.12:runtimes/win-x64/lib/net10.0/Microsoft.AspNetCore.dll"
"Microsoft.AspNetCore.HostFiltering.dll","51024","f611ece92c3026f3a4c1d18024c0fa704db9718946c441003535bcd5e3dc1b74","HASH COINCIDE; REVISION PENDIENTE","Microsoft.AspNetCore.App.Runtime.win-x64/10.0.12:runtimes/win-x64/lib/net10.0/Microsoft.AspNetCore.HostFiltering.dll"
"Microsoft.AspNetCore.Hosting.Abstractions.dll","46928","50eea9716964d7dfd8b30a286fe577da612cf567eceacf11e248f01d85a7333f","HASH COINCIDE; REVISION PENDIENTE","Microsoft.AspNetCore.App.Runtime.win-x64/10.0.12:runtimes/win-x64/lib/net10.0/Microsoft.AspNetCore.Hosting.Abstractions.dll"
"Microsoft.AspNetCore.Hosting.dll","477008","917814acfe6637034ad97a7ec6e5716385f9a662b82d7561017dcc410ba31630","HASH COINCIDE; REVISION PENDIENTE","Microsoft.AspNetCore.App.Runtime.win-x64/10.0.12:runtimes/win-x64/lib/net10.0/Microsoft.AspNetCore.Hosting.dll"
"Microsoft.AspNetCore.Hosting.Server.Abstractions.dll","26408","9778d4dfe9956524d4bbc229d52e1de81cdca5f1dfed8a666ff8edbf9941f20f","HASH COINCIDE; REVISION PENDIENTE","Microsoft.AspNetCore.App.Runtime.win-x64/10.0.12:runtimes/win-x64/lib/net10.0/Microsoft.AspNetCore.Hosting.Server.Abstractions.dll"
"Microsoft.AspNetCore.Html.Abstractions.dll","42792","b5387e43b43e7873261cc2ce686a6f921bb198d2f3ddb3fb3a851ce9930ad9e8","HASH COINCIDE; REVISION PENDIENTE","Microsoft.AspNetCore.App.Runtime.win-x64/10.0.12:runtimes/win-x64/lib/net10.0/Microsoft.AspNetCore.Html.Abstractions.dll"
"Microsoft.AspNetCore.Http.Abstractions.dll","325416","1fae7aa024a039a404141ec7846a016e271fd9b8bc53960cb1b17a33ffbc1a89","HASH COINCIDE; REVISION PENDIENTE","Microsoft.AspNetCore.App.Runtime.win-x64/10.0.12:runtimes/win-x64/lib/net10.0/Microsoft.AspNetCore.Http.Abstractions.dll"
"Microsoft.AspNetCore.Http.Connections.Common.dll","55080","c29ea49777f9e881ad7a8fd675e960d9f95f24c31b08a58272c11ed0a5c677c8","HASH COINCIDE; REVISION PENDIENTE","Microsoft.AspNetCore.App.Runtime.win-x64/10.0.12:runtimes/win-x64/lib/net10.0/Microsoft.AspNetCore.Http.Connections.Common.dll"
"Microsoft.AspNetCore.Http.Connections.dll","321320","602b709781f61ea25d2f4632b0f2c77283f500b443e9ea311f1336bc97822268","HASH COINCIDE; REVISION PENDIENTE","Microsoft.AspNetCore.App.Runtime.win-x64/10.0.12:runtimes/win-x64/lib/net10.0/Microsoft.AspNetCore.Http.Connections.dll"
"Microsoft.AspNetCore.Http.dll","300840","32f6a181eb790eae12d0bbb0d31db74c4abe5841c16f7a1040e8f64ee96fd103","HASH COINCIDE; REVISION PENDIENTE","Microsoft.AspNetCore.App.Runtime.win-x64/10.0.12:runtimes/win-x64/lib/net10.0/Microsoft.AspNetCore.Http.dll"
"Microsoft.AspNetCore.Http.Extensions.dll","739112","76a2df901a0031491e8c1e663729117081f165578e7b4617f2a20eaf092d6808","HASH COINCIDE; REVISION PENDIENTE","Microsoft.AspNetCore.App.Runtime.win-x64/10.0.12:runtimes/win-x64/lib/net10.0/Microsoft.AspNetCore.Http.Extensions.dll"
"Microsoft.AspNetCore.Http.Features.dll","71504","d3714725c1f38d791d93c4ce23296747051e6dfdb3ceea453b32408116390d2f","HASH COINCIDE; REVISION PENDIENTE","Microsoft.AspNetCore.App.Runtime.win-x64/10.0.12:runtimes/win-x64/lib/net10.0/Microsoft.AspNetCore.Http.Features.dll"
"Microsoft.AspNetCore.Http.Results.dll","280360","3465398233e090aac6842bdb9272c836f4aaa39048444280ef05fa71362c9e92","HASH COINCIDE; REVISION PENDIENTE","Microsoft.AspNetCore.App.Runtime.win-x64/10.0.12:runtimes/win-x64/lib/net10.0/Microsoft.AspNetCore.Http.Results.dll"
"Microsoft.AspNetCore.HttpLogging.dll","202536","36fd6ac22f38cad83cde2141794bcb6f72b40c1d273a807b8f0e3aca15721304","HASH COINCIDE; REVISION PENDIENTE","Microsoft.AspNetCore.App.Runtime.win-x64/10.0.12:runtimes/win-x64/lib/net10.0/Microsoft.AspNetCore.HttpLogging.dll"
"Microsoft.AspNetCore.HttpOverrides.dll","87848","52312857bc3ff2dbb4df1a006dcfa0c3c2a4302887a24e6f889d5ffe24a5a3a0","HASH COINCIDE; REVISION PENDIENTE","Microsoft.AspNetCore.App.Runtime.win-x64/10.0.12:runtimes/win-x64/lib/net10.0/Microsoft.AspNetCore.HttpOverrides.dll"
"Microsoft.AspNetCore.HttpsPolicy.dll","50984","110145daee3b763c2141cb4ed299722c23f83db7f22c34fac3b0222e0d1d2928","HASH COINCIDE; REVISION PENDIENTE","Microsoft.AspNetCore.App.Runtime.win-x64/10.0.12:runtimes/win-x64/lib/net10.0/Microsoft.AspNetCore.HttpsPolicy.dll"
"Microsoft.AspNetCore.Identity.dll","1001256","911cd530e60fcc80750985e259bde733b59c6198733b24e43a6752b6481738cc","HASH COINCIDE; REVISION PENDIENTE","Microsoft.AspNetCore.App.Runtime.win-x64/10.0.12:runtimes/win-x64/lib/net10.0/Microsoft.AspNetCore.Identity.dll"
"Microsoft.AspNetCore.Localization.dll","67368","b2582393a0b4885dead8d8cd3a92149355fbcbf2960c7895bb49bfc2f4f59482","HASH COINCIDE; REVISION PENDIENTE","Microsoft.AspNetCore.App.Runtime.win-x64/10.0.12:runtimes/win-x64/lib/net10.0/Microsoft.AspNetCore.Localization.dll"
"Microsoft.AspNetCore.Localization.Routing.dll","30504","4e3d6145e6169a165388800b13aa0a9d656f666c73d4326f47f882817f05c4e4","HASH COINCIDE; REVISION PENDIENTE","Microsoft.AspNetCore.App.Runtime.win-x64/10.0.12:runtimes/win-x64/lib/net10.0/Microsoft.AspNetCore.Localization.Routing.dll"
"Microsoft.AspNetCore.Metadata.dll","16208","99c572500931b719c44a38a8b9bdc7c67cc85d6d3426737f20d4b3b3496d82f3","HASH COINCIDE; REVISION PENDIENTE","Microsoft.AspNetCore.App.Runtime.win-x64/10.0.12:runtimes/win-x64/lib/net10.0/Microsoft.AspNetCore.Metadata.dll"
"Microsoft.AspNetCore.Mvc.Abstractions.dll","268072","f53787e278fdd13e7755214f3d24082f4b8a9313e72f4a0966ed9ea7a18b1457","HASH COINCIDE; REVISION PENDIENTE","Microsoft.AspNetCore.App.Runtime.win-x64/10.0.12:runtimes/win-x64/lib/net10.0/Microsoft.AspNetCore.Mvc.Abstractions.dll"
"Microsoft.AspNetCore.Mvc.ApiExplorer.dll","137000","4807ac9cf2783691dc0d0773a8ee8c3e677af291927f6127ab3995fe73c1741e","HASH COINCIDE; REVISION PENDIENTE","Microsoft.AspNetCore.App.Runtime.win-x64/10.0.12:runtimes/win-x64/lib/net10.0/Microsoft.AspNetCore.Mvc.ApiExplorer.dll"
"Microsoft.AspNetCore.Mvc.Core.dll","1931088","1356da94b4d872025f64fd7e788e3065bf149a9edb920c892e331cad3dbaa4b6","HASH COINCIDE; REVISION PENDIENTE","Microsoft.AspNetCore.App.Runtime.win-x64/10.0.12:runtimes/win-x64/lib/net10.0/Microsoft.AspNetCore.Mvc.Core.dll"
"Microsoft.AspNetCore.Mvc.Cors.dll","50984","88d6633b8bc7bffa3d0bacceb608d10fe972a52d0c494a4ef7d9fadeaf97eafd","HASH COINCIDE; REVISION PENDIENTE","Microsoft.AspNetCore.App.Runtime.win-x64/10.0.12:runtimes/win-x64/lib/net10.0/Microsoft.AspNetCore.Mvc.Cors.dll"
"Microsoft.AspNetCore.Mvc.DataAnnotations.dll","104272","bb03c333a404d742626ba11cb32039857c694139ba638a9e9ea713b6559eee9a","HASH COINCIDE; REVISION PENDIENTE","Microsoft.AspNetCore.App.Runtime.win-x64/10.0.12:runtimes/win-x64/lib/net10.0/Microsoft.AspNetCore.Mvc.DataAnnotations.dll"
"Microsoft.AspNetCore.Mvc.dll","42832","a6c2e38221b2ee6f09adfc561613ef4370fdb46502720c695660c42a5671de9c","HASH COINCIDE; REVISION PENDIENTE","Microsoft.AspNetCore.App.Runtime.win-x64/10.0.12:runtimes/win-x64/lib/net10.0/Microsoft.AspNetCore.Mvc.dll"
"Microsoft.AspNetCore.Mvc.Formatters.Json.dll","15656","ff5737b57d2aa0962d7f5ab18b03707da7d6bcdb047c85fe567d35f7e0935444","HASH COINCIDE; REVISION PENDIENTE","Microsoft.AspNetCore.App.Runtime.win-x64/10.0.12:runtimes/win-x64/lib/net10.0/Microsoft.AspNetCore.Mvc.Formatters.Json.dll"
"Microsoft.AspNetCore.Mvc.Formatters.Xml.dll","116560","73f876621a230e2bc76c0611f45e921fd75e89ccdde7f63a46cd017b7efa8f45","HASH COINCIDE; REVISION PENDIENTE","Microsoft.AspNetCore.App.Runtime.win-x64/10.0.12:runtimes/win-x64/lib/net10.0/Microsoft.AspNetCore.Mvc.Formatters.Xml.dll"
"Microsoft.AspNetCore.Mvc.Localization.dll","50984","817e6d5a8337e686cc4277176a1902d638fa6ee1958880b71eaa1a0b36d75173","HASH COINCIDE; REVISION PENDIENTE","Microsoft.AspNetCore.App.Runtime.win-x64/10.0.12:runtimes/win-x64/lib/net10.0/Microsoft.AspNetCore.Mvc.Localization.dll"
"Microsoft.AspNetCore.Mvc.Razor.dll","239400","f34e1ebb50fd360586d0ef28af06429df4eea42f8ab7ca1a04ba3a082cbd5478","HASH COINCIDE; REVISION PENDIENTE","Microsoft.AspNetCore.App.Runtime.win-x64/10.0.12:runtimes/win-x64/lib/net10.0/Microsoft.AspNetCore.Mvc.Razor.dll"
"Microsoft.AspNetCore.Mvc.RazorPages.dll","448296","521e78b18bb474a3b6cb6ccabd6b48fdfc94048bf87c1555f427571dc9b0d353","HASH COINCIDE; REVISION PENDIENTE","Microsoft.AspNetCore.App.Runtime.win-x64/10.0.12:runtimes/win-x64/lib/net10.0/Microsoft.AspNetCore.Mvc.RazorPages.dll"
"Microsoft.AspNetCore.Mvc.TagHelpers.dll","284456","dc3f1bb01059cc9096259943a1c7ccd72b9298fadb3a81390dd76830f173b737","HASH COINCIDE; REVISION PENDIENTE","Microsoft.AspNetCore.App.Runtime.win-x64/10.0.12:runtimes/win-x64/lib/net10.0/Microsoft.AspNetCore.Mvc.TagHelpers.dll"
"Microsoft.AspNetCore.Mvc.ViewFeatures.dll","726864","4da923fa312615a49de69d655dff3b8227ed76116c42d02d33b28dca8b84cc03","HASH COINCIDE; REVISION PENDIENTE","Microsoft.AspNetCore.App.Runtime.win-x64/10.0.12:runtimes/win-x64/lib/net10.0/Microsoft.AspNetCore.Mvc.ViewFeatures.dll"
"Microsoft.AspNetCore.OpenApi.dll","193320","3975ea6c1f843bd227e51775ae2c70b23e30cb031f664f5adf5560b5f7a3da48","HASH COINCIDE; REVISION PENDIENTE","Microsoft.AspNetCore.OpenApi/10.0.10:lib/net10.0/Microsoft.AspNetCore.OpenApi.dll"
"Microsoft.AspNetCore.OutputCaching.dll","251728","88c8dc020aa6741157855a83187bd85bf782c8dc1d6294b65d908b3850f6a8ff","HASH COINCIDE; REVISION PENDIENTE","Microsoft.AspNetCore.App.Runtime.win-x64/10.0.12:runtimes/win-x64/lib/net10.0/Microsoft.AspNetCore.OutputCaching.dll"
"Microsoft.AspNetCore.RateLimiting.dll","108368","92c6c0cf45bef5578c18dcfdc804b9a942efc2e360ec4182c97e75b2ecfff282","HASH COINCIDE; REVISION PENDIENTE","Microsoft.AspNetCore.App.Runtime.win-x64/10.0.12:runtimes/win-x64/lib/net10.0/Microsoft.AspNetCore.RateLimiting.dll"
"Microsoft.AspNetCore.Razor.dll","67368","1c7d05cf15cdd03879131a5769861c2632faef8b47861e78ccdeebcd9060afdd","HASH COINCIDE; REVISION PENDIENTE","Microsoft.AspNetCore.App.Runtime.win-x64/10.0.12:runtimes/win-x64/lib/net10.0/Microsoft.AspNetCore.Razor.dll"
"Microsoft.AspNetCore.Razor.Runtime.dll","75600","4f0eb5dfcc89ab1169a87a86f6379f0370907e6ebdea0de3e700aa68b9a0eec2","HASH COINCIDE; REVISION PENDIENTE","Microsoft.AspNetCore.App.Runtime.win-x64/10.0.12:runtimes/win-x64/lib/net10.0/Microsoft.AspNetCore.Razor.Runtime.dll"
"Microsoft.AspNetCore.RequestDecompression.dll","51024","82473fd2a7c27ab0e2f589697547386c582d2169258281a0d0edec65eb7c3c81","HASH COINCIDE; REVISION PENDIENTE","Microsoft.AspNetCore.App.Runtime.win-x64/10.0.12:runtimes/win-x64/lib/net10.0/Microsoft.AspNetCore.RequestDecompression.dll"
"Microsoft.AspNetCore.ResponseCaching.Abstractions.dll","16168","2f470d29afd6a575555150ef5bdc532d6c6a3f07b337b812878a1bed66ec5ec9","HASH COINCIDE; REVISION PENDIENTE","Microsoft.AspNetCore.App.Runtime.win-x64/10.0.12:runtimes/win-x64/lib/net10.0/Microsoft.AspNetCore.ResponseCaching.Abstractions.dll"
"Microsoft.AspNetCore.ResponseCaching.dll","149328","9d373290ed9025e7cff722a49adad7f7b0e9eb16325e42100e4a79f3dc64d82d","HASH COINCIDE; REVISION PENDIENTE","Microsoft.AspNetCore.App.Runtime.win-x64/10.0.12:runtimes/win-x64/lib/net10.0/Microsoft.AspNetCore.ResponseCaching.dll"
"Microsoft.AspNetCore.ResponseCompression.dll","79656","a6e64b82f82310844430d0d932270df7eefb4f32638a70aaf7ed8cbddf87c3af","HASH COINCIDE; REVISION PENDIENTE","Microsoft.AspNetCore.App.Runtime.win-x64/10.0.12:runtimes/win-x64/lib/net10.0/Microsoft.AspNetCore.ResponseCompression.dll"
"Microsoft.AspNetCore.Rewrite.dll","214864","89d48414bfd147027f0826e47b2ff28927464c59e37806c32249b7c3a4c90d46","HASH COINCIDE; REVISION PENDIENTE","Microsoft.AspNetCore.App.Runtime.win-x64/10.0.12:runtimes/win-x64/lib/net10.0/Microsoft.AspNetCore.Rewrite.dll"
"Microsoft.AspNetCore.Routing.Abstractions.dll","59176","ea601c608e0e51ba51136f7755af4eb6b47099cd1c41710faae2f8b096b63194","HASH COINCIDE; REVISION PENDIENTE","Microsoft.AspNetCore.App.Runtime.win-x64/10.0.12:runtimes/win-x64/lib/net10.0/Microsoft.AspNetCore.Routing.Abstractions.dll"
"Microsoft.AspNetCore.Routing.dll","861992","69c76fd9e5cac492d689bc0aad3ae3de047ee4f0c4261f43446d53e8e14fcb16","HASH COINCIDE; REVISION PENDIENTE","Microsoft.AspNetCore.App.Runtime.win-x64/10.0.12:runtimes/win-x64/lib/net10.0/Microsoft.AspNetCore.Routing.dll"
"Microsoft.AspNetCore.Server.HttpSys.dll","816936","402f2c60646e1145f45aaad978674eb141a6875c91d474b431c4339d554250fd","HASH COINCIDE; REVISION PENDIENTE","Microsoft.AspNetCore.App.Runtime.win-x64/10.0.12:runtimes/win-x64/lib/net10.0/Microsoft.AspNetCore.Server.HttpSys.dll"
"Microsoft.AspNetCore.Server.IIS.dll","673576","00299f6b4354341aa069aa993993be017296c4196d7b2211b822b73558f6e5f1","HASH COINCIDE; REVISION PENDIENTE","Microsoft.AspNetCore.App.Runtime.win-x64/10.0.12:runtimes/win-x64/lib/net10.0/Microsoft.AspNetCore.Server.IIS.dll"
"Microsoft.AspNetCore.Server.IISIntegration.dll","50984","e0d3536a9033a48b7d0c4c8695e838c4e7c618eac6436ff454070f5a74296c40","HASH COINCIDE; REVISION PENDIENTE","Microsoft.AspNetCore.App.Runtime.win-x64/10.0.12:runtimes/win-x64/lib/net10.0/Microsoft.AspNetCore.Server.IISIntegration.dll"
"Microsoft.AspNetCore.Server.Kestrel.Core.dll","2344744","62b5ab79f5f896235e4068039450a15a7bcdb5bb4eb73f2f6bdf5a787d4cc239","HASH COINCIDE; REVISION PENDIENTE","Microsoft.AspNetCore.App.Runtime.win-x64/10.0.12:runtimes/win-x64/lib/net10.0/Microsoft.AspNetCore.Server.Kestrel.Core.dll"
"Microsoft.AspNetCore.Server.Kestrel.dll","34600","f0de796d9d6b05c0f3ce877c2288f836a3f1dd5b5a374babc2af3deda73e94b7","HASH COINCIDE; REVISION PENDIENTE","Microsoft.AspNetCore.App.Runtime.win-x64/10.0.12:runtimes/win-x64/lib/net10.0/Microsoft.AspNetCore.Server.Kestrel.dll"
"Microsoft.AspNetCore.Server.Kestrel.Transport.NamedPipes.dll","157480","7ad9ac5286296e71f63d139dc2c4cffd66577874f21aaf0cadf0320ae7a03771","HASH COINCIDE; REVISION PENDIENTE","Microsoft.AspNetCore.App.Runtime.win-x64/10.0.12:runtimes/win-x64/lib/net10.0/Microsoft.AspNetCore.Server.Kestrel.Transport.NamedPipes.dll"
"Microsoft.AspNetCore.Server.Kestrel.Transport.Quic.dll","247632","6a6919a866b014e392b18bb0f1bf26ae9ed51a063c77ed584a06cf4a2ab591de","HASH COINCIDE; REVISION PENDIENTE","Microsoft.AspNetCore.App.Runtime.win-x64/10.0.12:runtimes/win-x64/lib/net10.0/Microsoft.AspNetCore.Server.Kestrel.Transport.Quic.dll"
"Microsoft.AspNetCore.Server.Kestrel.Transport.Sockets.dll","137000","14bb84ef188ffa3d9a40799b04eda941184ab89bc001ef59c03debd8922ed139","HASH COINCIDE; REVISION PENDIENTE","Microsoft.AspNetCore.App.Runtime.win-x64/10.0.12:runtimes/win-x64/lib/net10.0/Microsoft.AspNetCore.Server.Kestrel.Transport.Sockets.dll"
"Microsoft.AspNetCore.Session.dll","87848","9bdb8bfd19aa2483a758840036cc96cca263e506fbb84ccbcd8e1783e15b140e","HASH COINCIDE; REVISION PENDIENTE","Microsoft.AspNetCore.App.Runtime.win-x64/10.0.12:runtimes/win-x64/lib/net10.0/Microsoft.AspNetCore.Session.dll"
"Microsoft.AspNetCore.SignalR.Common.dll","87848","5cb4b0d29df4d1162de0a4fa3164cc930f221e7c7fb68f4f35efd40bffa45088","HASH COINCIDE; REVISION PENDIENTE","Microsoft.AspNetCore.App.Runtime.win-x64/10.0.12:runtimes/win-x64/lib/net10.0/Microsoft.AspNetCore.SignalR.Common.dll"
"Microsoft.AspNetCore.SignalR.Core.dll","530256","2f059fa8c083f86dc97c91ebaa35cb0cc9ca71fca952255a9e6e622fd6469121","HASH COINCIDE; REVISION PENDIENTE","Microsoft.AspNetCore.App.Runtime.win-x64/10.0.12:runtimes/win-x64/lib/net10.0/Microsoft.AspNetCore.SignalR.Core.dll"
"Microsoft.AspNetCore.SignalR.dll","38696","d004216961d6f695344dfb797c494008f75371d5ea95a6f928f8c6be910ca0f7","HASH COINCIDE; REVISION PENDIENTE","Microsoft.AspNetCore.App.Runtime.win-x64/10.0.12:runtimes/win-x64/lib/net10.0/Microsoft.AspNetCore.SignalR.dll"
"Microsoft.AspNetCore.SignalR.Protocols.Json.dll","83792","0d603d40218129a45f6dab1b50f019bdaa345d2ebd4acd2a93fc2d0f32769d94","HASH COINCIDE; REVISION PENDIENTE","Microsoft.AspNetCore.App.Runtime.win-x64/10.0.12:runtimes/win-x64/lib/net10.0/Microsoft.AspNetCore.SignalR.Protocols.Json.dll"
"Microsoft.AspNetCore.StaticAssets.dll","194384","1effdbf6f5f1be2cff2f22e62bc967c1d02b565ef585ed10f893a9660bb2b4a3","HASH COINCIDE; REVISION PENDIENTE","Microsoft.AspNetCore.App.Runtime.win-x64/10.0.12:runtimes/win-x64/lib/net10.0/Microsoft.AspNetCore.StaticAssets.dll"
"Microsoft.AspNetCore.StaticFiles.dll","161616","8a1d25ea401eb4d608732667afd5a88987c4366660d9fda1b07a980c222db069","HASH COINCIDE; REVISION PENDIENTE","Microsoft.AspNetCore.App.Runtime.win-x64/10.0.12:runtimes/win-x64/lib/net10.0/Microsoft.AspNetCore.StaticFiles.dll"
"Microsoft.AspNetCore.WebSockets.dll","79656","9223f23711bab429cb4a09f2bedf1845acf44d963279235774782cfb6ae20340","HASH COINCIDE; REVISION PENDIENTE","Microsoft.AspNetCore.App.Runtime.win-x64/10.0.12:runtimes/win-x64/lib/net10.0/Microsoft.AspNetCore.WebSockets.dll"
"Microsoft.AspNetCore.WebUtilities.dll","251688","ee33396c44e552d8623c15e79bb033fdb63281597222575624256fd90213c7cd","HASH COINCIDE; REVISION PENDIENTE","Microsoft.AspNetCore.App.Runtime.win-x64/10.0.12:runtimes/win-x64/lib/net10.0/Microsoft.AspNetCore.WebUtilities.dll"
"Microsoft.Bcl.Cryptography.dll","16648","b9b076648248645d7681f1a1b541d6534ea4a332d959df0c3b0c9e6c5c3780b2","HASH COINCIDE; REVISION PENDIENTE","Microsoft.Bcl.Cryptography/9.0.13:lib/net9.0/Microsoft.Bcl.Cryptography.dll"
"Microsoft.CSharp.dll","980776","2000912f2fc52e0c64ed893d79f4e7b143502540fb7170b5ae5fcea7099ba431","HASH COINCIDE; REVISION PENDIENTE","Microsoft.NETCore.App.Runtime.win-x64/10.0.12:runtimes/win-x64/lib/net10.0/Microsoft.CSharp.dll"
"Microsoft.Data.SqlClient.dll","1851840","66549fee0df15b8ad039ff5f04614dca849949512f6030ff62e34430ad0a9390","HASH COINCIDE; REVISION PENDIENTE","Microsoft.Data.SqlClient/7.0.2:runtimes/win/lib/net9.0/Microsoft.Data.SqlClient.dll"
"Microsoft.Data.SqlClient.Extensions.Abstractions.dll","23488","83ca9271c19f983192adbcbf60678ac85f40fc7bef12de3fe5a1f51e969f96e9","HASH COINCIDE; REVISION PENDIENTE","Microsoft.Data.SqlClient.Extensions.Abstractions/7.0.2:lib/netstandard2.0/Microsoft.Data.SqlClient.Extensions.Abstractions.dll"
"Microsoft.Data.SqlClient.Internal.Logging.dll","53656","dc6de8302cf8ac480aff894f60e75e625753c893b8be5e43b28779eb65bc521b","HASH COINCIDE; REVISION PENDIENTE","Microsoft.Data.SqlClient.Internal.Logging/7.0.2:lib/netstandard2.0/Microsoft.Data.SqlClient.Internal.Logging.dll"
"Microsoft.Data.SqlClient.SNI.dll","566832","7e37c5bba3da06a955c122e3515b2980e2f1b8732ec0297f0a7e77e79b4de331","HASH COINCIDE; REVISION PENDIENTE","Microsoft.Data.SqlClient.SNI.runtime/6.0.2:runtimes/win-x64/native/Microsoft.Data.SqlClient.SNI.dll"
"Microsoft.Data.Sqlite.dll","177504","4abd9c2a61e580eb853e93ca8953a3cef2c05714ae28d2d1859d4dbc5e5700bc","HASH COINCIDE; REVISION PENDIENTE","Microsoft.Data.Sqlite.Core/10.0.11:lib/net8.0/Microsoft.Data.Sqlite.dll"
"Microsoft.DiaSymReader.Native.amd64.dll","2377016","70e4b89978ce57ef87b28f4921f3140c383b04aa96e7f3bdb3c4ebb898fd8a72","HASH COINCIDE; REVISION PENDIENTE","Microsoft.NETCore.App.Runtime.win-x64/10.0.12:runtimes/win-x64/native/Microsoft.DiaSymReader.Native.amd64.dll"
"Microsoft.Extensions.Caching.Abstractions.dll","75560","d6c5e46c7c43834235abbbcb9767756f8e210f0fcc4b92137c57a2aa83b81b2e","HASH COINCIDE; REVISION PENDIENTE","Microsoft.AspNetCore.App.Runtime.win-x64/10.0.12:runtimes/win-x64/lib/net10.0/Microsoft.Extensions.Caching.Abstractions.dll"
"Microsoft.Extensions.Caching.Memory.dll","100136","50df53585dac029895a6d50a32212424aafbae87b9cc20ac0af5338677492983","HASH COINCIDE; REVISION PENDIENTE","Microsoft.AspNetCore.App.Runtime.win-x64/10.0.12:runtimes/win-x64/lib/net10.0/Microsoft.Extensions.Caching.Memory.dll"
"Microsoft.Extensions.Configuration.Abstractions.dll","46888","63a89b1becd68c2f5051df9c042b46bdf41fba72393bb1ef29b52b701b155c31","HASH COINCIDE; REVISION PENDIENTE","Microsoft.AspNetCore.App.Runtime.win-x64/10.0.12:runtimes/win-x64/lib/net10.0/Microsoft.Extensions.Configuration.Abstractions.dll"
"Microsoft.Extensions.Configuration.Binder.dll","87848","26064491ae0cfb2dad631e672f6307a1a6659faeab3275b16b3f2b029841389e","HASH COINCIDE; REVISION PENDIENTE","Microsoft.AspNetCore.App.Runtime.win-x64/10.0.12:runtimes/win-x64/lib/net10.0/Microsoft.Extensions.Configuration.Binder.dll"
"Microsoft.Extensions.Configuration.CommandLine.dll","46928","df0e50837bac953ea298507e4e251b64130abaee8a7d2b045810cb66c56aaeef","HASH COINCIDE; REVISION PENDIENTE","Microsoft.AspNetCore.App.Runtime.win-x64/10.0.12:runtimes/win-x64/lib/net10.0/Microsoft.Extensions.Configuration.CommandLine.dll"
"Microsoft.Extensions.Configuration.dll","91944","b8fb3cee77f703ab623826f5585a9acecfbbd186b98e1912353784b0aa994fb6","HASH COINCIDE; REVISION PENDIENTE","Microsoft.AspNetCore.App.Runtime.win-x64/10.0.12:runtimes/win-x64/lib/net10.0/Microsoft.Extensions.Configuration.dll"
"Microsoft.Extensions.Configuration.EnvironmentVariables.dll","42832","f44e7a938bb4417e29925aa15dc121ac714157384819bc22e75f7af2e2779230","HASH COINCIDE; REVISION PENDIENTE","Microsoft.AspNetCore.App.Runtime.win-x64/10.0.12:runtimes/win-x64/lib/net10.0/Microsoft.Extensions.Configuration.EnvironmentVariables.dll"
"Microsoft.Extensions.Configuration.FileExtensions.dll","50984","07b4726e83356d65ddc922ea4cf10da10b90dc8c074b845483786e840b47c17d","HASH COINCIDE; REVISION PENDIENTE","Microsoft.AspNetCore.App.Runtime.win-x64/10.0.12:runtimes/win-x64/lib/net10.0/Microsoft.Extensions.Configuration.FileExtensions.dll"
"Microsoft.Extensions.Configuration.Ini.dll","46888","2bc0d603201d4ede980d15a4d817233f7fa7edc6109b2f8448203d0a0b4c5d3e","HASH COINCIDE; REVISION PENDIENTE","Microsoft.AspNetCore.App.Runtime.win-x64/10.0.12:runtimes/win-x64/lib/net10.0/Microsoft.Extensions.Configuration.Ini.dll"
"Microsoft.Extensions.Configuration.Json.dll","50984","49b6f5405bd45624edd3dd1286e82ccf7265eb5ed3befaa38902194395eff743","HASH COINCIDE; REVISION PENDIENTE","Microsoft.AspNetCore.App.Runtime.win-x64/10.0.12:runtimes/win-x64/lib/net10.0/Microsoft.Extensions.Configuration.Json.dll"
"Microsoft.Extensions.Configuration.KeyPerFile.dll","38736","1ac08e16c3fa84c1e3f9328eb2b150ce3bb93e17be423bfb89f10511623e5694","HASH COINCIDE; REVISION PENDIENTE","Microsoft.AspNetCore.App.Runtime.win-x64/10.0.12:runtimes/win-x64/lib/net10.0/Microsoft.Extensions.Configuration.KeyPerFile.dll"
"Microsoft.Extensions.Configuration.UserSecrets.dll","46888","c41b46a33b97ecb715d9294763e335e65f277bd5217ff3a1222633313fc4e2d1","HASH COINCIDE; REVISION PENDIENTE","Microsoft.AspNetCore.App.Runtime.win-x64/10.0.12:runtimes/win-x64/lib/net10.0/Microsoft.Extensions.Configuration.UserSecrets.dll"
"Microsoft.Extensions.Configuration.Xml.dll","63272","8ffe68c3bb20c06ea4fc4ff329662398e7c0222dd47a4c550d2d4329dde9e64c","HASH COINCIDE; REVISION PENDIENTE","Microsoft.AspNetCore.App.Runtime.win-x64/10.0.12:runtimes/win-x64/lib/net10.0/Microsoft.Extensions.Configuration.Xml.dll"
"Microsoft.Extensions.DependencyInjection.Abstractions.dll","141096","0e2feec8beaa131967d1f0d70684500183227d1ef58c617b8fadb793c3387e93","HASH COINCIDE; REVISION PENDIENTE","Microsoft.AspNetCore.App.Runtime.win-x64/10.0.12:runtimes/win-x64/lib/net10.0/Microsoft.Extensions.DependencyInjection.Abstractions.dll"
"Microsoft.Extensions.DependencyInjection.dll","227152","6424c0b19a1cef1977db79eee164dcaeb3cba6abdaa583d6f5ff6413f7f7244a","HASH COINCIDE; REVISION PENDIENTE","Microsoft.AspNetCore.App.Runtime.win-x64/10.0.12:runtimes/win-x64/lib/net10.0/Microsoft.Extensions.DependencyInjection.dll"
"Microsoft.Extensions.Diagnostics.Abstractions.dll","50984","d99f6143691e8a409b4857bd65829189465c71ad7ef5dff0e63a36c9f8fae002","HASH COINCIDE; REVISION PENDIENTE","Microsoft.AspNetCore.App.Runtime.win-x64/10.0.12:runtimes/win-x64/lib/net10.0/Microsoft.Extensions.Diagnostics.Abstractions.dll"
"Microsoft.Extensions.Diagnostics.dll","71464","f2da53517fbd33cf08738dc8a439a3ba662b394fd8328d73107da635bc446f30","HASH COINCIDE; REVISION PENDIENTE","Microsoft.AspNetCore.App.Runtime.win-x64/10.0.12:runtimes/win-x64/lib/net10.0/Microsoft.Extensions.Diagnostics.dll"
"Microsoft.Extensions.Diagnostics.HealthChecks.Abstractions.dll","42792","3df995e75029f967a5fc9b30523c0655fc70682495a2cb08e15a7aaaaee5a6af","HASH COINCIDE; REVISION PENDIENTE","Microsoft.AspNetCore.App.Runtime.win-x64/10.0.12:runtimes/win-x64/lib/net10.0/Microsoft.Extensions.Diagnostics.HealthChecks.Abstractions.dll"
"Microsoft.Extensions.Diagnostics.HealthChecks.dll","108328","1277a4a2879f8b7537f25e986fb6806c6cc074c07dbcbe98dacd0c02280478c6","HASH COINCIDE; REVISION PENDIENTE","Microsoft.AspNetCore.App.Runtime.win-x64/10.0.12:runtimes/win-x64/lib/net10.0/Microsoft.Extensions.Diagnostics.HealthChecks.dll"
"Microsoft.Extensions.Features.dll","46928","9a37af53f48d4cbcafd3de646c60cdc5d142a95b49de1f82aade1a919c4aecff","HASH COINCIDE; REVISION PENDIENTE","Microsoft.AspNetCore.App.Runtime.win-x64/10.0.12:runtimes/win-x64/lib/net10.0/Microsoft.Extensions.Features.dll"
"Microsoft.Extensions.FileProviders.Abstractions.dll","38696","f39acfb26fe3c3c977283e5efda4f0406418d58f446cfc0d4b1a843777a10651","HASH COINCIDE; REVISION PENDIENTE","Microsoft.AspNetCore.App.Runtime.win-x64/10.0.12:runtimes/win-x64/lib/net10.0/Microsoft.Extensions.FileProviders.Abstractions.dll"
"Microsoft.Extensions.FileProviders.Composite.dll","34640","121741c7d06cfb30476e5b35c51e253cc52a5a8eb8df491b966b952abdf8cd57","HASH COINCIDE; REVISION PENDIENTE","Microsoft.AspNetCore.App.Runtime.win-x64/10.0.12:runtimes/win-x64/lib/net10.0/Microsoft.Extensions.FileProviders.Composite.dll"
"Microsoft.Extensions.FileProviders.Embedded.dll","71504","e38f74e6126b082fa2f245bf80e9d6c64e682db9e51ab612d09e20b855f18b0f","HASH COINCIDE; REVISION PENDIENTE","Microsoft.AspNetCore.App.Runtime.win-x64/10.0.12:runtimes/win-x64/lib/net10.0/Microsoft.Extensions.FileProviders.Embedded.dll"
"Microsoft.Extensions.FileProviders.Physical.dll","91944","79d43cd4ac4df4c45bb6d3af3cfa5d4c9218008430122af685cb3877e8737208","HASH COINCIDE; REVISION PENDIENTE","Microsoft.AspNetCore.App.Runtime.win-x64/10.0.12:runtimes/win-x64/lib/net10.0/Microsoft.Extensions.FileProviders.Physical.dll"
"Microsoft.Extensions.FileSystemGlobbing.dll","100176","8bfc34ee24e50eff81e18e6880bc55bc20c9efad1a2ee73bad2dc433c70f5e8a","HASH COINCIDE; REVISION PENDIENTE","Microsoft.AspNetCore.App.Runtime.win-x64/10.0.12:runtimes/win-x64/lib/net10.0/Microsoft.Extensions.FileSystemGlobbing.dll"
"Microsoft.Extensions.Hosting.Abstractions.dll","79656","95f5e2e5ab0a8fc6c4fd35f1db331b7aa2852ab2cc7ca148be72320289bfedda","HASH COINCIDE; REVISION PENDIENTE","Microsoft.AspNetCore.App.Runtime.win-x64/10.0.12:runtimes/win-x64/lib/net10.0/Microsoft.Extensions.Hosting.Abstractions.dll"
"Microsoft.Extensions.Hosting.dll","149328","22eb6edfc401db5d4ec30783474a913b7c39de13a76a6607128980c50b6cd521","HASH COINCIDE; REVISION PENDIENTE","Microsoft.AspNetCore.App.Runtime.win-x64/10.0.12:runtimes/win-x64/lib/net10.0/Microsoft.Extensions.Hosting.dll"
"Microsoft.Extensions.Http.dll","198440","2cd8cf43d2b12b0c167e35fc6218945537f484899607279af8de23147755b695","HASH COINCIDE; REVISION PENDIENTE","Microsoft.AspNetCore.App.Runtime.win-x64/10.0.12:runtimes/win-x64/lib/net10.0/Microsoft.Extensions.Http.dll"
"Microsoft.Extensions.Identity.Core.dll","538408","86028b37a48d38cf87df6fa92768764a4e972f895f17dfeec4096222287bca88","HASH COINCIDE; REVISION PENDIENTE","Microsoft.AspNetCore.App.Runtime.win-x64/10.0.12:runtimes/win-x64/lib/net10.0/Microsoft.Extensions.Identity.Core.dll"
"Microsoft.Extensions.Identity.Stores.dll","87888","49315ad7f19d094cd53ede89877f18e7debc35237b9894afc039bd33c47617be","HASH COINCIDE; REVISION PENDIENTE","Microsoft.AspNetCore.App.Runtime.win-x64/10.0.12:runtimes/win-x64/lib/net10.0/Microsoft.Extensions.Identity.Stores.dll"
"Microsoft.Extensions.Localization.Abstractions.dll","34600","5d5e96ef35d1fa9da098ce574eb6af3b1ea7e83dddee0a729322746be1e2b90b","HASH COINCIDE; REVISION PENDIENTE","Microsoft.AspNetCore.App.Runtime.win-x64/10.0.12:runtimes/win-x64/lib/net10.0/Microsoft.Extensions.Localization.Abstractions.dll"
"Microsoft.Extensions.Localization.dll","59176","25822ccfe462e514879dbc62d7025a78efe4e28ac39c017bcb07902bb3830e49","HASH COINCIDE; REVISION PENDIENTE","Microsoft.AspNetCore.App.Runtime.win-x64/10.0.12:runtimes/win-x64/lib/net10.0/Microsoft.Extensions.Localization.dll"
"Microsoft.Extensions.Logging.Abstractions.dll","153424","90c41d68d297e54c4def3cfd38eb620513a744ab01131840ea3e2634cf973be3","HASH COINCIDE; REVISION PENDIENTE","Microsoft.AspNetCore.App.Runtime.win-x64/10.0.12:runtimes/win-x64/lib/net10.0/Microsoft.Extensions.Logging.Abstractions.dll"
"Microsoft.Extensions.Logging.Configuration.dll","46888","c4df0fd6bce42c6293a8fc59c16d21a98e64f90a2f13523cc3b82cfd42ef968c","HASH COINCIDE; REVISION PENDIENTE","Microsoft.AspNetCore.App.Runtime.win-x64/10.0.12:runtimes/win-x64/lib/net10.0/Microsoft.Extensions.Logging.Configuration.dll"
"Microsoft.Extensions.Logging.Console.dll","165712","f2a8843474f346cd3d076d352345a6372f199ca11fdb863bdbb246c87bcc9068","HASH COINCIDE; REVISION PENDIENTE","Microsoft.AspNetCore.App.Runtime.win-x64/10.0.12:runtimes/win-x64/lib/net10.0/Microsoft.Extensions.Logging.Console.dll"
"Microsoft.Extensions.Logging.Debug.dll","34640","4a261451703385f107746d051041270f46b2fd4272b5b1bc3e98b01677660658","HASH COINCIDE; REVISION PENDIENTE","Microsoft.AspNetCore.App.Runtime.win-x64/10.0.12:runtimes/win-x64/lib/net10.0/Microsoft.Extensions.Logging.Debug.dll"
"Microsoft.Extensions.Logging.dll","100176","afd93f320e217561e674f8c6d44ce1f0846d6ae2f26c0263f6b662476d4b570c","HASH COINCIDE; REVISION PENDIENTE","Microsoft.AspNetCore.App.Runtime.win-x64/10.0.12:runtimes/win-x64/lib/net10.0/Microsoft.Extensions.Logging.dll"
"Microsoft.Extensions.Logging.EventLog.dll","46928","21fa039f689683993894c73c35a1611ed64d46bdcaffae86d8273e0c7a30a0a8","HASH COINCIDE; REVISION PENDIENTE","Microsoft.AspNetCore.App.Runtime.win-x64/10.0.12:runtimes/win-x64/lib/net10.0/Microsoft.Extensions.Logging.EventLog.dll"
"Microsoft.Extensions.Logging.EventSource.dll","63312","5372914940d40ebb0e05dffc31011901be5a961fddf7e3d6bee4a3a7f6bd285f","HASH COINCIDE; REVISION PENDIENTE","Microsoft.AspNetCore.App.Runtime.win-x64/10.0.12:runtimes/win-x64/lib/net10.0/Microsoft.Extensions.Logging.EventSource.dll"
"Microsoft.Extensions.Logging.TraceSource.dll","38696","258f9eb2f7e0c7fc21d6a3f8ee87d78d109e1984476eb1f2b4f215f6c4a83ece","HASH COINCIDE; REVISION PENDIENTE","Microsoft.AspNetCore.App.Runtime.win-x64/10.0.12:runtimes/win-x64/lib/net10.0/Microsoft.Extensions.Logging.TraceSource.dll"
"Microsoft.Extensions.ObjectPool.dll","42792","e02787c8fb6a7d9dd4e302c4d7f25f5a5c887c3b65f2d356098d473547c5df82","HASH COINCIDE; REVISION PENDIENTE","Microsoft.AspNetCore.App.Runtime.win-x64/10.0.12:runtimes/win-x64/lib/net10.0/Microsoft.Extensions.ObjectPool.dll"
"Microsoft.Extensions.Options.ConfigurationExtensions.dll","38736","1bcd901dbe6c5a148f42f6e1865a8bce598d24e87bd38f62e5a6108454d9a541","HASH COINCIDE; REVISION PENDIENTE","Microsoft.AspNetCore.App.Runtime.win-x64/10.0.12:runtimes/win-x64/lib/net10.0/Microsoft.Extensions.Options.ConfigurationExtensions.dll"
"Microsoft.Extensions.Options.DataAnnotations.dll","38696","6235cae954e81e89f87352be1c9455e0d818e0327a4c19e7b56f3eae43e60e61","HASH COINCIDE; REVISION PENDIENTE","Microsoft.AspNetCore.App.Runtime.win-x64/10.0.12:runtimes/win-x64/lib/net10.0/Microsoft.Extensions.Options.DataAnnotations.dll"
"Microsoft.Extensions.Options.dll","141096","02a3cad0e05023f129c0717ba99d171ac524bf5f7c955863e17e3f7441107567","HASH COINCIDE; REVISION PENDIENTE","Microsoft.AspNetCore.App.Runtime.win-x64/10.0.12:runtimes/win-x64/lib/net10.0/Microsoft.Extensions.Options.dll"
"Microsoft.Extensions.Primitives.dll","83752","5b40af41b1b354f88e64e5b04619f70aaefe693ff377ac0bb9bc7f70c4018cc1","HASH COINCIDE; REVISION PENDIENTE","Microsoft.AspNetCore.App.Runtime.win-x64/10.0.12:runtimes/win-x64/lib/net10.0/Microsoft.Extensions.Primitives.dll"
"Microsoft.Extensions.Validation.dll","87848","96952ba9f4618bbe6998e0fe76c6dd28d24b835fecb83c579c2c42e648a1048e","HASH COINCIDE; REVISION PENDIENTE","Microsoft.AspNetCore.App.Runtime.win-x64/10.0.12:runtimes/win-x64/lib/net10.0/Microsoft.Extensions.Validation.dll"
"Microsoft.Extensions.WebEncoders.dll","38696","461ba0dde4de891204588ba5e4ed9174a499366dc93e8a78a04f74d45290b4c2","HASH COINCIDE; REVISION PENDIENTE","Microsoft.AspNetCore.App.Runtime.win-x64/10.0.12:runtimes/win-x64/lib/net10.0/Microsoft.Extensions.WebEncoders.dll"
"Microsoft.IdentityModel.Abstractions.dll","19528","613fd94ff39ce6ff90666e062e93d5d5ea7fdeae93aaab2bf2cb6f5c87cea39d","HASH COINCIDE; REVISION PENDIENTE","Microsoft.IdentityModel.Abstractions/8.16.0:lib/net10.0/Microsoft.IdentityModel.Abstractions.dll"
"Microsoft.IdentityModel.JsonWebTokens.dll","173088","d1af130b42eaa6e8b5b45b0a48d286e7a282f2b67f5809aeb828aaa909d94891","HASH COINCIDE; REVISION PENDIENTE","Microsoft.IdentityModel.JsonWebTokens/8.16.0:lib/net10.0/Microsoft.IdentityModel.JsonWebTokens.dll"
"Microsoft.IdentityModel.Logging.dll","38432","b2b89896da6f307fe4c7fba033f4f629ce43b92cc6d28c7daa024a4e5cd68dbd","HASH COINCIDE; REVISION PENDIENTE","Microsoft.IdentityModel.Logging/8.16.0:lib/net10.0/Microsoft.IdentityModel.Logging.dll"
"Microsoft.IdentityModel.Protocols.dll","53280","647f131d0fd0a66802a80adc9cc38fe02aa2caf78d6f58796e758829541b16de","HASH COINCIDE; REVISION PENDIENTE","Microsoft.IdentityModel.Protocols/8.16.0:lib/net10.0/Microsoft.IdentityModel.Protocols.dll"
"Microsoft.IdentityModel.Protocols.OpenIdConnect.dll","137248","f19f659e8533ad2b0d4650779231efd0e25247df72c127b57cfdbf186be8d256","HASH COINCIDE; REVISION PENDIENTE","Microsoft.IdentityModel.Protocols.OpenIdConnect/8.16.0:lib/net10.0/Microsoft.IdentityModel.Protocols.OpenIdConnect.dll"
"Microsoft.IdentityModel.Tokens.dll","391200","21c943ec715d8771c3a711ad78fc109adceac0e002f67a76f3bca33d195d0f5f","HASH COINCIDE; REVISION PENDIENTE","Microsoft.IdentityModel.Tokens/8.16.0:lib/net10.0/Microsoft.IdentityModel.Tokens.dll"
"Microsoft.JSInterop.dll","169768","6a283855c4e5e60c7ec9c81e3cad6201178fc232cc0d8dc022ca643d7a9c4138","HASH COINCIDE; REVISION PENDIENTE","Microsoft.AspNetCore.App.Runtime.win-x64/10.0.12:runtimes/win-x64/lib/net10.0/Microsoft.JSInterop.dll"
"Microsoft.Net.Http.Headers.dll","218920","7b836d9e11acc47222d28cd02a54101f43464b047d84978d157d2d932b97a8e9","HASH COINCIDE; REVISION PENDIENTE","Microsoft.AspNetCore.App.Runtime.win-x64/10.0.12:runtimes/win-x64/lib/net10.0/Microsoft.Net.Http.Headers.dll"
"Microsoft.OpenApi.dll","486752","64497b0a954493014d15494bb89f09dbed059b13efe64cdf008d5f0f6bf197e5","HASH COINCIDE; REVISION PENDIENTE","Microsoft.OpenApi/2.7.5:lib/net8.0/Microsoft.OpenApi.dll"
"Microsoft.SqlServer.Server.dll","23976","a9dca1b42bc875f966b78b2c0880e62b838f0ed6567166d7f1f07ae4b76ec4bf","HASH COINCIDE; REVISION PENDIENTE","Microsoft.SqlServer.Server/1.0.0:lib/netstandard2.0/Microsoft.SqlServer.Server.dll"
"Microsoft.VisualBasic.Core.dll","1193768","2666b24eb6e295476b44abd057ea250fd5957db9c1c7adee6a223a747ddfe3d2","HASH COINCIDE; REVISION PENDIENTE","Microsoft.NETCore.App.Runtime.win-x64/10.0.12:runtimes/win-x64/lib/net10.0/Microsoft.VisualBasic.Core.dll"
"Microsoft.VisualBasic.dll","17192","e192508adde6a758138a5a8e28998dccb64e7f45eaf30d8ab3564f87749028b1","HASH COINCIDE; REVISION PENDIENTE","Microsoft.NETCore.App.Runtime.win-x64/10.0.12:runtimes/win-x64/lib/net10.0/Microsoft.VisualBasic.dll"
"Microsoft.Win32.Primitives.dll","15656","6c21472b0ae2f9b484a97614fad5485a22f18f9f19ee1adb9ceb3ed8ddb072d7","HASH COINCIDE; REVISION PENDIENTE","Microsoft.NETCore.App.Runtime.win-x64/10.0.12:runtimes/win-x64/lib/net10.0/Microsoft.Win32.Primitives.dll"
"Microsoft.Win32.Registry.dll","116520","76849cfde4369f3ae93e28261fe5e1010dbf1332f7da95c98543cba9b03961c0","HASH COINCIDE; REVISION PENDIENTE","Microsoft.NETCore.App.Runtime.win-x64/10.0.12:runtimes/win-x64/lib/net10.0/Microsoft.Win32.Registry.dll"
"mscordaccore_amd64_amd64_10.0.1226.42308.dll","1356640","86c29a7b945525135de16c3dcb71e3b8517848c459cbb21395b352d4e6bba09c","HASH COINCIDE; REVISION PENDIENTE","Microsoft.NETCore.App.Runtime.win-x64/10.0.12:runtimes/win-x64/native/mscordaccore_amd64_amd64_10.0.1226.42308.dll"
"mscordaccore.dll","1356640","86c29a7b945525135de16c3dcb71e3b8517848c459cbb21395b352d4e6bba09c","HASH COINCIDE; REVISION PENDIENTE","Microsoft.NETCore.App.Runtime.win-x64/10.0.12:runtimes/win-x64/native/mscordaccore.dll"
"mscordbi.dll","1237888","753e92805f3886221f56dcfc07191ad7ee44235bf689db0490bdf777f25e9175","HASH COINCIDE; REVISION PENDIENTE","Microsoft.NETCore.App.Runtime.win-x64/10.0.12:runtimes/win-x64/native/mscordbi.dll"
"mscorlib.dll","59728","b698595367a7d4fa57ccacab73751fde0bb8f2415345c62cdfe7ced890da2c0c","HASH COINCIDE; REVISION PENDIENTE","Microsoft.NETCore.App.Runtime.win-x64/10.0.12:runtimes/win-x64/lib/net10.0/mscorlib.dll"
"mscorrc.dll","133968","f0d8c7491d4659a4c5a4c00615255a60e05634f311162c2775a51e03c070c9e0","HASH COINCIDE; REVISION PENDIENTE","Microsoft.NETCore.App.Runtime.win-x64/10.0.12:runtimes/win-x64/native/mscorrc.dll"
"msquic.dll","536344","b7158d427b01c70483bb3d80c5211e387dd98e9471c8a70e4484d449de9157e8","HASH COINCIDE; REVISION PENDIENTE","Microsoft.NETCore.App.Runtime.win-x64/10.0.12:runtimes/win-x64/native/msquic.dll"
"MySqlConnector.dll","880488","e7734ef5db26f5e5626f8ef354831c60adff9a8e88447cc5e865cfe1f9e466bc","HASH COINCIDE; REVISION PENDIENTE","MySqlConnector/2.6.2:lib/net10.0/MySqlConnector.dll"
"netstandard.dll","100648","3dc81dbc9dacd28261632c94410859eda24c2db50cd6c14309cbb2a434b50c57","HASH COINCIDE; REVISION PENDIENTE","Microsoft.NETCore.App.Runtime.win-x64/10.0.12:runtimes/win-x64/lib/net10.0/netstandard.dll"
"Npgsql.dll","1478656","e2bcafe1660fe4543fe9dfcabed972ec8d32259e5ea8009462ce1de23c7034c2","HASH COINCIDE; REVISION PENDIENTE","Npgsql/10.0.3:lib/net10.0/Npgsql.dll"
"pl/Microsoft.Data.SqlClient.resources.dll","269760","453c778007aca5c01a315cde49347049f3100333b919d5348f4ce8c9dc96c9eb","HASH COINCIDE; REVISION PENDIENTE","Microsoft.Data.SqlClient/7.0.2:lib/net9.0/pl/Microsoft.Data.SqlClient.resources.dll"
"pt-BR/Microsoft.Data.SqlClient.resources.dll","257944","5fa9d397d29ccd984754a564b51379bf2e2711d52e2efeb0f8de67f06d620ff5","HASH COINCIDE; REVISION PENDIENTE","Microsoft.Data.SqlClient/7.0.2:lib/net9.0/pt-BR/Microsoft.Data.SqlClient.resources.dll"
"RBush.dll","34816","047e48ab058a783a1d0021ede9ac238e158ed43fa2368a15fd4ccd8f920ab6a1","HASH COINCIDE; REVISION PENDIENTE","RBush.Signed/4.0.0:lib/net8.0/RBush.dll"
"Renci.SshNet.dll","544256","1eea433e249e328d60512b72a134961074e059c22cfdf5427d03a893ca46ff1e","HASH COINCIDE; REVISION PENDIENTE","SSH.NET/2026.0.0:lib/net10.0/Renci.SshNet.dll"
"ru/Microsoft.Data.SqlClient.resources.dll","348568","0976a3e89020b739d02cb4cfdabd0adc49243e90b58d9d23ca90c7af09045f0b","HASH COINCIDE; REVISION PENDIENTE","Microsoft.Data.SqlClient/7.0.2:lib/net9.0/ru/Microsoft.Data.SqlClient.resources.dll"
"SixLabors.Fonts.dll","1135616","e1e2f107e7c78fb859f1b23383107a125acd8b3a7470140850daa6f6f6c45d9f","HASH COINCIDE; REVISION PENDIENTE","SixLabors.Fonts/1.0.0:lib/netcoreapp3.1/SixLabors.Fonts.dll"
"SQLitePCLRaw.batteries_v2.dll","5120","815ce410c9eab531dd219318e3ba16c5e38e83d361cfbbdbb4bbca222c497b0b","HASH COINCIDE; REVISION PENDIENTE","SQLitePCLRaw.bundle_e_sqlite3/2.1.12:lib/netstandard2.0/SQLitePCLRaw.batteries_v2.dll"
"SQLitePCLRaw.core.dll","51200","af340ac9eb9195795660d7fc1114f486b6ab63998f33176e2f24c8e0acb9aa84","HASH COINCIDE; REVISION PENDIENTE","SQLitePCLRaw.core/2.1.12:lib/netstandard2.0/SQLitePCLRaw.core.dll"
"SQLitePCLRaw.provider.e_sqlite3.dll","36864","df996bcae63c2cabcfe8d4b9c5110eb39a2a4706178b07d875665391c6eb3995","HASH COINCIDE; REVISION PENDIENTE","SQLitePCLRaw.provider.e_sqlite3/2.1.12:lib/net6.0/SQLitePCLRaw.provider.e_sqlite3.dll"
"System.AppContext.dll","15144","d9dd9fa44e019f27172d6b2662e2b6038f48c270912ac8aae53d4d909da7e9be","HASH COINCIDE; REVISION PENDIENTE","Microsoft.NETCore.App.Runtime.win-x64/10.0.12:runtimes/win-x64/lib/net10.0/System.AppContext.dll"
"System.Buffers.dll","15144","a1a35f5524e2f831d08ca55f702fbddcb8c6dfecd264f0f563d81a1c8b8280bd","HASH COINCIDE; REVISION PENDIENTE","Microsoft.NETCore.App.Runtime.win-x64/10.0.12:runtimes/win-x64/lib/net10.0/System.Buffers.dll"
"System.Collections.Concurrent.dll","231248","082f4bc0da1141eb65111b6da633d75624adfb7bb067d7ee90c5622c8b30885b","HASH COINCIDE; REVISION PENDIENTE","Microsoft.NETCore.App.Runtime.win-x64/10.0.12:runtimes/win-x64/lib/net10.0/System.Collections.Concurrent.dll"
"System.Collections.dll","296744","df6f2037eabee28100184e92f7536427ba2f086c1110629804d466b124bc4d54","HASH COINCIDE; REVISION PENDIENTE","Microsoft.NETCore.App.Runtime.win-x64/10.0.12:runtimes/win-x64/lib/net10.0/System.Collections.dll"
"System.Collections.Immutable.dll","976680","b527dd7b2beb82c22aa39787298cbeb33f3eac9eb9b83a0f0271353421db28db","HASH COINCIDE; REVISION PENDIENTE","Microsoft.NETCore.App.Runtime.win-x64/10.0.12:runtimes/win-x64/lib/net10.0/System.Collections.Immutable.dll"
"System.Collections.NonGeneric.dll","104232","aa4d5216d066c91cb489f63c6cbfcaf1f47b6e74e070db45639d3460454fc60b","HASH COINCIDE; REVISION PENDIENTE","Microsoft.NETCore.App.Runtime.win-x64/10.0.12:runtimes/win-x64/lib/net10.0/System.Collections.NonGeneric.dll"
"System.Collections.Specialized.dll","104272","e31af1f866e880844e027be59f545b9a6b34108e0b0680ebe3fbc19a53070819","HASH COINCIDE; REVISION PENDIENTE","Microsoft.NETCore.App.Runtime.win-x64/10.0.12:runtimes/win-x64/lib/net10.0/System.Collections.Specialized.dll"
"System.ComponentModel.Annotations.dll","198480","e3be2d35d81e6475c64110cfc099895b71df22c8b46a18c2d7c76a913b8ba903","HASH COINCIDE; REVISION PENDIENTE","Microsoft.NETCore.App.Runtime.win-x64/10.0.12:runtimes/win-x64/lib/net10.0/System.ComponentModel.Annotations.dll"
"System.ComponentModel.DataAnnotations.dll","16720","d40e8c7062e6b9ce11ba83eab3d26be0eec8066b99970ea88b8e87fb75f411bd","HASH COINCIDE; REVISION PENDIENTE","Microsoft.NETCore.App.Runtime.win-x64/10.0.12:runtimes/win-x64/lib/net10.0/System.ComponentModel.DataAnnotations.dll"
"System.ComponentModel.dll","30544","e3b6f75864ee944898540937c1f300e04f44a1b2729516f0bbf948589a8b14b2","HASH COINCIDE; REVISION PENDIENTE","Microsoft.NETCore.App.Runtime.win-x64/10.0.12:runtimes/win-x64/lib/net10.0/System.ComponentModel.dll"
"System.ComponentModel.EventBasedAsync.dll","46888","cc84fe814ef5e58271d83193e328f8ec220efd4696d90af9a7c4690c10451495","HASH COINCIDE; REVISION PENDIENTE","Microsoft.NETCore.App.Runtime.win-x64/10.0.12:runtimes/win-x64/lib/net10.0/System.ComponentModel.EventBasedAsync.dll"
"System.ComponentModel.Primitives.dll","79656","1e2451184c287409ea25acde3c90f25950bf34d16458a6e52a94ca4292434f62","HASH COINCIDE; REVISION PENDIENTE","Microsoft.NETCore.App.Runtime.win-x64/10.0.12:runtimes/win-x64/lib/net10.0/System.ComponentModel.Primitives.dll"
"System.ComponentModel.TypeConverter.dll","767784","10dae312a6697718f8ce3dfcdb17d6ae4b74687c765d74d50de8a8e69e08f5e7","HASH COINCIDE; REVISION PENDIENTE","Microsoft.NETCore.App.Runtime.win-x64/10.0.12:runtimes/win-x64/lib/net10.0/System.ComponentModel.TypeConverter.dll"
"System.Configuration.ConfigurationManager.dll","443192","23a07c6bae940887065fbd1043a99edf86fea415b5f5c11b3cd0a9569c65c8ec","HASH COINCIDE; REVISION PENDIENTE","System.Configuration.ConfigurationManager/9.0.13:lib/net9.0/System.Configuration.ConfigurationManager.dll"
"System.Configuration.dll","19240","3952a72e1f18774f16952b46c20e80ed2bc601a06eca01f33fa924c738022a9c","HASH COINCIDE; REVISION PENDIENTE","Microsoft.NETCore.App.Runtime.win-x64/10.0.12:runtimes/win-x64/lib/net10.0/System.Configuration.dll"
"System.Console.dll","169808","3b85daf02a3d9ed99b84bb1c639fe8b1ced46d8d157fa56f525f6b8c5be43b3e","HASH COINCIDE; REVISION PENDIENTE","Microsoft.NETCore.App.Runtime.win-x64/10.0.12:runtimes/win-x64/lib/net10.0/System.Console.dll"
"System.Core.dll","23336","ac23faf1b37fa49f1b117baad951a65609e799a6e669a6df06d3552677e0c086","HASH COINCIDE; REVISION PENDIENTE","Microsoft.NETCore.App.Runtime.win-x64/10.0.12:runtimes/win-x64/lib/net10.0/System.Core.dll"
"System.Data.Common.dll","2770728","66bdd62047ee460e2ce2c33d15dd1173ac97997b2745864a905179594f821acc","HASH COINCIDE; REVISION PENDIENTE","Microsoft.NETCore.App.Runtime.win-x64/10.0.12:runtimes/win-x64/lib/net10.0/System.Data.Common.dll"
"System.Data.DataSetExtensions.dll","15656","aeeae0755c8c7f6747765cdf82fa43182e320e97f2035e3a0a19f21905e6c113","HASH COINCIDE; REVISION PENDIENTE","Microsoft.NETCore.App.Runtime.win-x64/10.0.12:runtimes/win-x64/lib/net10.0/System.Data.DataSetExtensions.dll"
"System.Data.dll","25424","49f52958a2a6e461d0fd7a47e54a199eb263c69ecfcc0fc684b73b5918ebf466","HASH COINCIDE; REVISION PENDIENTE","Microsoft.NETCore.App.Runtime.win-x64/10.0.12:runtimes/win-x64/lib/net10.0/System.Data.dll"
"System.Diagnostics.Contracts.dll","16208","6c05cacd9b61b08ae75f2d783cc402b0b5fc848e3d68c29c10b93897cc083e8b","HASH COINCIDE; REVISION PENDIENTE","Microsoft.NETCore.App.Runtime.win-x64/10.0.12:runtimes/win-x64/lib/net10.0/System.Diagnostics.Contracts.dll"
"System.Diagnostics.Debug.dll","15656","8b160ffe7518588bf64e13c01c6dcb2ef504d64f38bbf0f198d31e7b698db92c","HASH COINCIDE; REVISION PENDIENTE","Microsoft.NETCore.App.Runtime.win-x64/10.0.12:runtimes/win-x64/lib/net10.0/System.Diagnostics.Debug.dll"
"System.Diagnostics.DiagnosticSource.dll","501544","6267c1bd1bdf2bdd4b5748b885b0adcda10f18697adfea8488a19a009ad44fdb","HASH COINCIDE; REVISION PENDIENTE","Microsoft.NETCore.App.Runtime.win-x64/10.0.12:runtimes/win-x64/lib/net10.0/System.Diagnostics.DiagnosticSource.dll"
"System.Diagnostics.EventLog.dll","366416","56ea02ef5732bcbee7520349da873387419e711bd49943b2d139d5d2656ee339","HASH COINCIDE; REVISION PENDIENTE","Microsoft.AspNetCore.App.Runtime.win-x64/10.0.12:runtimes/win-x64/lib/net10.0/System.Diagnostics.EventLog.dll"
"System.Diagnostics.EventLog.Messages.dll","800552","8f3def30d41d85e2bd87b2d2e7542d49d625f0b4d96a6dc9b03e0f49bd59b8ef","HASH COINCIDE; REVISION PENDIENTE","Microsoft.AspNetCore.App.Runtime.win-x64/10.0.12:runtimes/win-x64/lib/net10.0/System.Diagnostics.EventLog.Messages.dll"
"System.Diagnostics.FileVersionInfo.dll","46928","e94f158142e93834dec3100bde3313935517d549ff36c65819a06d3104dec427","HASH COINCIDE; REVISION PENDIENTE","Microsoft.NETCore.App.Runtime.win-x64/10.0.12:runtimes/win-x64/lib/net10.0/System.Diagnostics.FileVersionInfo.dll"
"System.Diagnostics.Process.dll","329552","51a57fbe918f8b68930c090792b718fc0850ea12da869d50b97a3796af29a740","HASH COINCIDE; REVISION PENDIENTE","Microsoft.NETCore.App.Runtime.win-x64/10.0.12:runtimes/win-x64/lib/net10.0/System.Diagnostics.Process.dll"
"System.Diagnostics.StackTrace.dll","46888","8f6397c1e2ba9b8b8bfa317962151b5035049ce8d6b3575e5027a0d0eeacc797","HASH COINCIDE; REVISION PENDIENTE","Microsoft.NETCore.App.Runtime.win-x64/10.0.12:runtimes/win-x64/lib/net10.0/System.Diagnostics.StackTrace.dll"
"System.Diagnostics.TextWriterTraceListener.dll","67368","1bf165cee916a854e1150f489e4348ce94755359d5fcdcc0bc2bbbe6a7102bdd","HASH COINCIDE; REVISION PENDIENTE","Microsoft.NETCore.App.Runtime.win-x64/10.0.12:runtimes/win-x64/lib/net10.0/System.Diagnostics.TextWriterTraceListener.dll"
"System.Diagnostics.Tools.dll","15144","841c5e2b6c171fa9aaff0fc6295f3fbc93dc5dcab44118b62f1c942bb674aff2","HASH COINCIDE; REVISION PENDIENTE","Microsoft.NETCore.App.Runtime.win-x64/10.0.12:runtimes/win-x64/lib/net10.0/System.Diagnostics.Tools.dll"
"System.Diagnostics.TraceSource.dll","141096","8445c7f1bbaae6cffde60e2c9a8753faaa5100255fbe31d0a1927d9d9bb7f194","HASH COINCIDE; REVISION PENDIENTE","Microsoft.NETCore.App.Runtime.win-x64/10.0.12:runtimes/win-x64/lib/net10.0/System.Diagnostics.TraceSource.dll"
"System.Diagnostics.Tracing.dll","16208","9563d5eec35f94d13a5e62eaa9535dbe0e9ea474f055da132fb8af46b0b01263","HASH COINCIDE; REVISION PENDIENTE","Microsoft.NETCore.App.Runtime.win-x64/10.0.12:runtimes/win-x64/lib/net10.0/System.Diagnostics.Tracing.dll"
"System.dll","50472","ef135f0bda0c41e142fdbd67b93e5aa7911916cb250f7df302f4151a3bbfa380","HASH COINCIDE; REVISION PENDIENTE","Microsoft.NETCore.App.Runtime.win-x64/10.0.12:runtimes/win-x64/lib/net10.0/System.dll"
"System.Drawing.dll","20304","585a8da9952d715f8de7a7b1879b59d68ff8608b92f6ed1c5f0e1d251180d3c6","HASH COINCIDE; REVISION PENDIENTE","Microsoft.NETCore.App.Runtime.win-x64/10.0.12:runtimes/win-x64/lib/net10.0/System.Drawing.dll"
"System.Drawing.Primitives.dll","132944","17585b32ca91bac8ccff2ef1c6ddf62ee9ea5efc552928c3a9d1b868394246e9","HASH COINCIDE; REVISION PENDIENTE","Microsoft.NETCore.App.Runtime.win-x64/10.0.12:runtimes/win-x64/lib/net10.0/System.Drawing.Primitives.dll"
"System.Dynamic.Runtime.dll","16168","c0eac30c791db8c1a2b50b61c50d029f4ddd0eadfdd35433745001688a3e7466","HASH COINCIDE; REVISION PENDIENTE","Microsoft.NETCore.App.Runtime.win-x64/10.0.12:runtimes/win-x64/lib/net10.0/System.Dynamic.Runtime.dll"
"System.Formats.Asn1.dll","239440","a163fe5f96d1689f1bc1ac531b38c3aba95792ac7dd52231d325d658947fbcfd","HASH COINCIDE; REVISION PENDIENTE","Microsoft.NETCore.App.Runtime.win-x64/10.0.12:runtimes/win-x64/lib/net10.0/System.Formats.Asn1.dll"
"System.Formats.Cbor.dll","173864","87f7dbd2311b552a380f8e093689f35cf9cc79eb50a4cdd3c122079ac9abc3e6","HASH COINCIDE; REVISION PENDIENTE","Microsoft.AspNetCore.App.Runtime.win-x64/10.0.12:runtimes/win-x64/lib/net10.0/System.Formats.Cbor.dll"
"System.Formats.Tar.dll","272168","44c9984f269a158915195fd32007f22c3bb692dcfeb933cda8ea45a3ac6cd1ce","HASH COINCIDE; REVISION PENDIENTE","Microsoft.NETCore.App.Runtime.win-x64/10.0.12:runtimes/win-x64/lib/net10.0/System.Formats.Tar.dll"
"System.Globalization.Calendars.dll","15656","e0f3f3f6e4acc7b6755782fed5cb075ecf70beee4fc5d404579ae99bc0883ef2","HASH COINCIDE; REVISION PENDIENTE","Microsoft.NETCore.App.Runtime.win-x64/10.0.12:runtimes/win-x64/lib/net10.0/System.Globalization.Calendars.dll"
"System.Globalization.dll","15696","66902cffd057673b4b77aa68faf80d33ffa4c94510e61db2a067943cc53b7702","HASH COINCIDE; REVISION PENDIENTE","Microsoft.NETCore.App.Runtime.win-x64/10.0.12:runtimes/win-x64/lib/net10.0/System.Globalization.dll"
"System.Globalization.Extensions.dll","15144","be0390557cc72078a7217cf94fd44b9ab66aa30838c00a92aa78c62469c44aa0","HASH COINCIDE; REVISION PENDIENTE","Microsoft.NETCore.App.Runtime.win-x64/10.0.12:runtimes/win-x64/lib/net10.0/System.Globalization.Extensions.dll"
"System.IdentityModel.Tokens.Jwt.dll","92232","d6026966eb5304c2e3bdb3bc091a94d204dcb27696a61cdc89d1abf5259e24ca","HASH COINCIDE; REVISION PENDIENTE","System.IdentityModel.Tokens.Jwt/8.16.0:lib/net10.0/System.IdentityModel.Tokens.Jwt.dll"
"System.IO.Compression.Brotli.dll","83752","0a59a95787ee15784d73079fdd5dc555b78659a6c560b6cbbf0d7452e638df89","HASH COINCIDE; REVISION PENDIENTE","Microsoft.NETCore.App.Runtime.win-x64/10.0.12:runtimes/win-x64/lib/net10.0/System.IO.Compression.Brotli.dll"
"System.IO.Compression.dll","419624","c942747f84b730887090f5e0cf86d164c0ee402e524dce2750e06a6df48513fb","HASH COINCIDE; REVISION PENDIENTE","Microsoft.NETCore.App.Runtime.win-x64/10.0.12:runtimes/win-x64/lib/net10.0/System.IO.Compression.dll"
"System.IO.Compression.FileSystem.dll","15184","4aeec2c0189f73ba8122f05c0d759008ddae1a8873b167cc8a558d53f2af80e1","HASH COINCIDE; REVISION PENDIENTE","Microsoft.NETCore.App.Runtime.win-x64/10.0.12:runtimes/win-x64/lib/net10.0/System.IO.Compression.FileSystem.dll"
"System.IO.Compression.Native.dll","937256","4d174b78aa8b3516c7e3cec0355dfe9ae570894055c377d2e5565d077a9a7a1e","HASH COINCIDE; REVISION PENDIENTE","Microsoft.NETCore.App.Runtime.win-x64/10.0.12:runtimes/win-x64/native/System.IO.Compression.Native.dll"
"System.IO.Compression.ZipFile.dll","100176","2da76eb281740be485b5637da8c60fe0ce12bc2848d1a1a81ce144fa74313e18","HASH COINCIDE; REVISION PENDIENTE","Microsoft.NETCore.App.Runtime.win-x64/10.0.12:runtimes/win-x64/lib/net10.0/System.IO.Compression.ZipFile.dll"
"System.IO.dll","15656","388400ccb189b819d6ec5f1ef70710a39641d93ed5b870fc9324866b75dfb78b","HASH COINCIDE; REVISION PENDIENTE","Microsoft.NETCore.App.Runtime.win-x64/10.0.12:runtimes/win-x64/lib/net10.0/System.IO.dll"
"System.IO.FileSystem.AccessControl.dll","104232","f7f9ed6cdab35274711e9345266784ec332ae8040db184d141c70e7941fbbec5","HASH COINCIDE; REVISION PENDIENTE","Microsoft.NETCore.App.Runtime.win-x64/10.0.12:runtimes/win-x64/lib/net10.0/System.IO.FileSystem.AccessControl.dll"
"System.IO.FileSystem.dll","15656","c251f33b29382c47b773d907463edd9fe978a06e39efd5670ef3b3b1d4f8c2b7","HASH COINCIDE; REVISION PENDIENTE","Microsoft.NETCore.App.Runtime.win-x64/10.0.12:runtimes/win-x64/lib/net10.0/System.IO.FileSystem.dll"
"System.IO.FileSystem.DriveInfo.dll","55120","0a7f3dd2fb6147a3fc046aeac8501d764effe5a3d8cfa56d2b244aa50b874b98","HASH COINCIDE; REVISION PENDIENTE","Microsoft.NETCore.App.Runtime.win-x64/10.0.12:runtimes/win-x64/lib/net10.0/System.IO.FileSystem.DriveInfo.dll"
"System.IO.FileSystem.Primitives.dll","15144","d3b21b8b38e48c6b4d1cb5cfe9adfe4abad7b3353601febd3c7e4027f9ef9c6b","HASH COINCIDE; REVISION PENDIENTE","Microsoft.NETCore.App.Runtime.win-x64/10.0.12:runtimes/win-x64/lib/net10.0/System.IO.FileSystem.Primitives.dll"
"System.IO.FileSystem.Watcher.dll","87848","8ab1704e4bd171056ec5a11e886d5199d05a641c6d0233c53d4766bf30328dd3","HASH COINCIDE; REVISION PENDIENTE","Microsoft.NETCore.App.Runtime.win-x64/10.0.12:runtimes/win-x64/lib/net10.0/System.IO.FileSystem.Watcher.dll"
"System.IO.IsolatedStorage.dll","87848","2272a8bde18ed0e7c9e54ece9b849b9be76c90b978909d2b2fc94cf0ccbce427","HASH COINCIDE; REVISION PENDIENTE","Microsoft.NETCore.App.Runtime.win-x64/10.0.12:runtimes/win-x64/lib/net10.0/System.IO.IsolatedStorage.dll"
"System.IO.MemoryMappedFiles.dll","83752","6e8b281ecb2f0f5e7aad3980f61d8812caa6b37884737f542f95410a76663e0e","HASH COINCIDE; REVISION PENDIENTE","Microsoft.NETCore.App.Runtime.win-x64/10.0.12:runtimes/win-x64/lib/net10.0/System.IO.MemoryMappedFiles.dll"
"System.IO.Packaging.dll","142136","12ddc8bff279fad856551a74894dc52b80fa437d5d2b32722e70ae6899217b7c","HASH COINCIDE; REVISION PENDIENTE","System.IO.Packaging/8.0.1:lib/net8.0/System.IO.Packaging.dll"
"System.IO.Pipelines.dll","190248","ee9f0fd6c659f50799afd103c6ed9c5e408967e28dfa059bddf4b0a3fd2557dd","HASH COINCIDE; REVISION PENDIENTE","Microsoft.NETCore.App.Runtime.win-x64/10.0.12:runtimes/win-x64/lib/net10.0/System.IO.Pipelines.dll"
"System.IO.Pipes.AccessControl.dll","15656","1102f25a6e88f2fae81e4cd3628d8ef826f847b9c9b6a4d32ff8b37e0300da35","HASH COINCIDE; REVISION PENDIENTE","Microsoft.NETCore.App.Runtime.win-x64/10.0.12:runtimes/win-x64/lib/net10.0/System.IO.Pipes.AccessControl.dll"
"System.IO.Pipes.dll","165712","3804f9992861122e60990b0765d0b50b33cdc2e4d89d26d9dbf8641d1d0134a2","HASH COINCIDE; REVISION PENDIENTE","Microsoft.NETCore.App.Runtime.win-x64/10.0.12:runtimes/win-x64/lib/net10.0/System.IO.Pipes.dll"
"System.IO.UnmanagedMemoryStream.dll","15696","ad6a5f859589e1951103a00f45566da079cf87bd8b03f0c6ad985a6f39f19c5a","HASH COINCIDE; REVISION PENDIENTE","Microsoft.NETCore.App.Runtime.win-x64/10.0.12:runtimes/win-x64/lib/net10.0/System.IO.UnmanagedMemoryStream.dll"
"System.Linq.AsyncEnumerable.dll","1292072","925208e8ac40ac3f7b988aba6ccbbb58adac38ad1876a7d97ee137be6c21a653","HASH COINCIDE; REVISION PENDIENTE","Microsoft.NETCore.App.Runtime.win-x64/10.0.12:runtimes/win-x64/lib/net10.0/System.Linq.AsyncEnumerable.dll"
"System.Linq.dll","698192","284d38945b6e92e847129bd28af458b19818d0f2181f79882888ab2003f4c519","HASH COINCIDE; REVISION PENDIENTE","Microsoft.NETCore.App.Runtime.win-x64/10.0.12:runtimes/win-x64/lib/net10.0/System.Linq.dll"
"System.Linq.Expressions.dll","3639080","8830f4a6a6982f53cfbb54f992858ee36b4994a6ff6e6078c39627e77bef282f","HASH COINCIDE; REVISION PENDIENTE","Microsoft.NETCore.App.Runtime.win-x64/10.0.12:runtimes/win-x64/lib/net10.0/System.Linq.Expressions.dll"
"System.Linq.Parallel.dll","775976","aa6068e3d8f6b2e492cc63dcaad6b02942edbae445cb2b88c24f1850b25c49f5","HASH COINCIDE; REVISION PENDIENTE","Microsoft.NETCore.App.Runtime.win-x64/10.0.12:runtimes/win-x64/lib/net10.0/System.Linq.Parallel.dll"
"System.Linq.Queryable.dll","182056","b3b3a9c1b87a51dacd46a3f9ec392c5d05e449152d44d6bd495df0994350e2fa","HASH COINCIDE; REVISION PENDIENTE","Microsoft.NETCore.App.Runtime.win-x64/10.0.12:runtimes/win-x64/lib/net10.0/System.Linq.Queryable.dll"
"System.Memory.dll","161576","f8f9d38efd6b0de30954d6bf1f353e9617bfb36d3d245c013a3b12be9f6bd88a","HASH COINCIDE; REVISION PENDIENTE","Microsoft.NETCore.App.Runtime.win-x64/10.0.12:runtimes/win-x64/lib/net10.0/System.Memory.dll"
"System.Net.dll","17192","481b38c912f8779b3510cd00f079e45096ea22b6defdaab66780d5ac3ae6986a","HASH COINCIDE; REVISION PENDIENTE","Microsoft.NETCore.App.Runtime.win-x64/10.0.12:runtimes/win-x64/lib/net10.0/System.Net.dll"
"System.Net.Http.dll","1746768","b98ed0cb80dd54c33fc049f33af5448710752155bbd5cc8cbcd932e01f066801","HASH COINCIDE; REVISION PENDIENTE","Microsoft.NETCore.App.Runtime.win-x64/10.0.12:runtimes/win-x64/lib/net10.0/System.Net.Http.dll"
"System.Net.Http.Json.dll","128848","a9fe81ba3c048f9977e0099800eefd570a49be723c555725da57ba797c92b4e0","HASH COINCIDE; REVISION PENDIENTE","Microsoft.NETCore.App.Runtime.win-x64/10.0.12:runtimes/win-x64/lib/net10.0/System.Net.Http.Json.dll"
"System.Net.HttpListener.dll","534312","3dfe11fb30c5f84c911d9562be6c2037113cd8976ef2def3550ac415ae58955b","HASH COINCIDE; REVISION PENDIENTE","Microsoft.NETCore.App.Runtime.win-x64/10.0.12:runtimes/win-x64/lib/net10.0/System.Net.HttpListener.dll"
"System.Net.Mail.dll","481064","b585a55ee67c80d7f02a84d50d626d279c7aa77fd3e38206b434bd20c181eedc","HASH COINCIDE; REVISION PENDIENTE","Microsoft.NETCore.App.Runtime.win-x64/10.0.12:runtimes/win-x64/lib/net10.0/System.Net.Mail.dll"
"System.Net.NameResolution.dll","124712","e786c0940f5322f0ad6e8e34e7b582e5b050df0fb2230329325307e61bfd994c","HASH COINCIDE; REVISION PENDIENTE","Microsoft.NETCore.App.Runtime.win-x64/10.0.12:runtimes/win-x64/lib/net10.0/System.Net.NameResolution.dll"
"System.Net.NetworkInformation.dll","157520","7e8791833eb2d0aea77b119fed3cab8bf501f6a553155cc1c4e5b1c02f65593b","HASH COINCIDE; REVISION PENDIENTE","Microsoft.NETCore.App.Runtime.win-x64/10.0.12:runtimes/win-x64/lib/net10.0/System.Net.NetworkInformation.dll"
"System.Net.Ping.dll","91984","06bb307343db955a312634d00ba5e097cf5168a901284437592c28d780804e33","HASH COINCIDE; REVISION PENDIENTE","Microsoft.NETCore.App.Runtime.win-x64/10.0.12:runtimes/win-x64/lib/net10.0/System.Net.Ping.dll"
"System.Net.Primitives.dll","210728","4dbb41a178ef013a898327152eccd146228dd2eb83859b9bb36078333b41f0f1","HASH COINCIDE; REVISION PENDIENTE","Microsoft.NETCore.App.Runtime.win-x64/10.0.12:runtimes/win-x64/lib/net10.0/System.Net.Primitives.dll"
"System.Net.Quic.dll","358224","af5b52cdee62d014af677c411530a3fde5c1c368adecb8f83dcfe9246e8bbe73","HASH COINCIDE; REVISION PENDIENTE","Microsoft.NETCore.App.Runtime.win-x64/10.0.12:runtimes/win-x64/lib/net10.0/System.Net.Quic.dll"
"System.Net.Requests.dll","374568","ed82d9d0b7942b2b02c5744a4591fbe2316879618adfc5660c9f111f814155f2","HASH COINCIDE; REVISION PENDIENTE","Microsoft.NETCore.App.Runtime.win-x64/10.0.12:runtimes/win-x64/lib/net10.0/System.Net.Requests.dll"
"System.Net.Security.dll","665424","a78bd713e807729f15b0e085c67fd6cbfefa85736a2618512d4ff1212759eba5","HASH COINCIDE; REVISION PENDIENTE","Microsoft.NETCore.App.Runtime.win-x64/10.0.12:runtimes/win-x64/lib/net10.0/System.Net.Security.dll"
"System.Net.ServerSentEvents.dll","83752","c0b1944020d0e5688b90fba9f29209e367674e29d2020f700c302994d5417eda","HASH COINCIDE; REVISION PENDIENTE","Microsoft.NETCore.App.Runtime.win-x64/10.0.12:runtimes/win-x64/lib/net10.0/System.Net.ServerSentEvents.dll"
"System.Net.ServicePoint.dll","15144","84fa83cd96e62fda02991b8a8e99fa1c7b3ac08807b04f7486a896cfe6b4a760","HASH COINCIDE; REVISION PENDIENTE","Microsoft.NETCore.App.Runtime.win-x64/10.0.12:runtimes/win-x64/lib/net10.0/System.Net.ServicePoint.dll"
"System.Net.Sockets.dll","530216","645c56d637ce15976998119e50722a911315682ce141b4aab98874ce1b063f3a","HASH COINCIDE; REVISION PENDIENTE","Microsoft.NETCore.App.Runtime.win-x64/10.0.12:runtimes/win-x64/lib/net10.0/System.Net.Sockets.dll"
"System.Net.WebClient.dll","165672","defa7bbf90c77ed01d6add53f678e4adfbcf97f3b1152affec06e652d327f1a2","HASH COINCIDE; REVISION PENDIENTE","Microsoft.NETCore.App.Runtime.win-x64/10.0.12:runtimes/win-x64/lib/net10.0/System.Net.WebClient.dll"
"System.Net.WebHeaderCollection.dll","63312","74d66f776b4c15936a7b887f47ceb8bf277dbe82e71a78dd3ea5d02502b081e7","HASH COINCIDE; REVISION PENDIENTE","Microsoft.NETCore.App.Runtime.win-x64/10.0.12:runtimes/win-x64/lib/net10.0/System.Net.WebHeaderCollection.dll"
"System.Net.WebProxy.dll","42832","408e3daabb3f42b4f1b72a1e1def38f12ba58eb9d23dca620086819cf7484195","HASH COINCIDE; REVISION PENDIENTE","Microsoft.NETCore.App.Runtime.win-x64/10.0.12:runtimes/win-x64/lib/net10.0/System.Net.WebProxy.dll"
"System.Net.WebSockets.Client.dll","104232","f308a69b9ee1ac982f53d1d94374f4972a7e3c700742901ff7c2bbfb570019d2","HASH COINCIDE; REVISION PENDIENTE","Microsoft.NETCore.App.Runtime.win-x64/10.0.12:runtimes/win-x64/lib/net10.0/System.Net.WebSockets.Client.dll"
"System.Net.WebSockets.dll","243496","c014a074d408c71011e26eac69be85003a852cfe115e8608bb5d4fd70536eb2e","HASH COINCIDE; REVISION PENDIENTE","Microsoft.NETCore.App.Runtime.win-x64/10.0.12:runtimes/win-x64/lib/net10.0/System.Net.WebSockets.dll"
"System.Numerics.dll","15184","35adc9360421b3b7a3d50399cb2c651c160158d7e8c302907acbce5f61f4a4f7","HASH COINCIDE; REVISION PENDIENTE","Microsoft.NETCore.App.Runtime.win-x64/10.0.12:runtimes/win-x64/lib/net10.0/System.Numerics.dll"
"System.Numerics.Vectors.dll","15656","a9a980ee33ed0c798a5e1960c4557521f465ac9e0987dfd2c3049d53b1f2fa5a","HASH COINCIDE; REVISION PENDIENTE","Microsoft.NETCore.App.Runtime.win-x64/10.0.12:runtimes/win-x64/lib/net10.0/System.Numerics.Vectors.dll"
"System.ObjectModel.dll","79656","2179bb19f335b4fcacd0994ad2ccfdac6840deff09c7889debfe9dbb5b88a3e6","HASH COINCIDE; REVISION PENDIENTE","Microsoft.NETCore.App.Runtime.win-x64/10.0.12:runtimes/win-x64/lib/net10.0/System.ObjectModel.dll"
"System.Private.CoreLib.dll","16033576","1125acc8106c43fc8bad2d203c4c4485df6182d292846c2fff415c1040c54678","HASH COINCIDE; REVISION PENDIENTE","Microsoft.NETCore.App.Runtime.win-x64/10.0.12:runtimes/win-x64/lib/net10.0/System.Private.CoreLib.dll"
"System.Private.DataContractSerialization.dll","2062120","8c07a5333c4e938cad8ac8f24b5965121bc0622442a352cbe81c58f17c2349a8","HASH COINCIDE; REVISION PENDIENTE","Microsoft.NETCore.App.Runtime.win-x64/10.0.12:runtimes/win-x64/lib/net10.0/System.Private.DataContractSerialization.dll"
"System.Private.Uri.dll","255824","b15c84d2120e1ec9612c66ba59bc3d7e67d841e2bce7b7d0478cb212537539b4","HASH COINCIDE; REVISION PENDIENTE","Microsoft.NETCore.App.Runtime.win-x64/10.0.12:runtimes/win-x64/lib/net10.0/System.Private.Uri.dll"
"System.Private.Xml.dll","7788328","d71e72a7a9de324352edd281a46466b51bd0bdd2831b1573f8d3bae8bd2dd4a6","HASH COINCIDE; REVISION PENDIENTE","Microsoft.NETCore.App.Runtime.win-x64/10.0.12:runtimes/win-x64/lib/net10.0/System.Private.Xml.dll"
"System.Private.Xml.Linq.dll","390952","c832b73de9783e6929ca5ff4863fc313e13ef7cfb5965c52587c4f77f6e037a7","HASH COINCIDE; REVISION PENDIENTE","Microsoft.NETCore.App.Runtime.win-x64/10.0.12:runtimes/win-x64/lib/net10.0/System.Private.Xml.Linq.dll"
"System.Reflection.DispatchProxy.dll","75600","bf93a361c0bba8497889c9f7713add5968ba39394f9e6bda27e86294c6c43560","HASH COINCIDE; REVISION PENDIENTE","Microsoft.NETCore.App.Runtime.win-x64/10.0.12:runtimes/win-x64/lib/net10.0/System.Reflection.DispatchProxy.dll"
"System.Reflection.dll","16168","95059346d6271dd6d0322cc321e5fb8cceab662f550c67aee7615059e41739bb","HASH COINCIDE; REVISION PENDIENTE","Microsoft.NETCore.App.Runtime.win-x64/10.0.12:runtimes/win-x64/lib/net10.0/System.Reflection.dll"
"System.Reflection.Emit.dll","309032","09059981bbeea0fdc5df589be5d7e3937d57e22bec4d78ceb492c587926fc238","HASH COINCIDE; REVISION PENDIENTE","Microsoft.NETCore.App.Runtime.win-x64/10.0.12:runtimes/win-x64/lib/net10.0/System.Reflection.Emit.dll"
"System.Reflection.Emit.ILGeneration.dll","15656","6b42ddd05b0ca1c7342d73ea9f401fe588044215d65c67b756deb780f0894a26","HASH COINCIDE; REVISION PENDIENTE","Microsoft.NETCore.App.Runtime.win-x64/10.0.12:runtimes/win-x64/lib/net10.0/System.Reflection.Emit.ILGeneration.dll"
"System.Reflection.Emit.Lightweight.dll","15656","d2724a2b7b46146877ec1f6e400c49ea05f84bdd31f3bba52ae139ee68a4f779","HASH COINCIDE; REVISION PENDIENTE","Microsoft.NETCore.App.Runtime.win-x64/10.0.12:runtimes/win-x64/lib/net10.0/System.Reflection.Emit.Lightweight.dll"
"System.Reflection.Extensions.dll","15144","ceb1b81e1eb488d87bd43d16dc54450b2a78e0b653c44c988aae2a20abc162bc","HASH COINCIDE; REVISION PENDIENTE","Microsoft.NETCore.App.Runtime.win-x64/10.0.12:runtimes/win-x64/lib/net10.0/System.Reflection.Extensions.dll"
"System.Reflection.Metadata.dll","1156904","82973e772017944a0548e445f30757595d95fe99e1f5c4a446df8c4db04b1c18","HASH COINCIDE; REVISION PENDIENTE","Microsoft.NETCore.App.Runtime.win-x64/10.0.12:runtimes/win-x64/lib/net10.0/System.Reflection.Metadata.dll"
"System.Reflection.Primitives.dll","15656","c2bbd885d03da5e880667c228ac1f56a5f3a72ea37d43f010ada000adc33da28","HASH COINCIDE; REVISION PENDIENTE","Microsoft.NETCore.App.Runtime.win-x64/10.0.12:runtimes/win-x64/lib/net10.0/System.Reflection.Primitives.dll"
"System.Reflection.TypeExtensions.dll","42792","7cac73ed746ce05a4a2f1e61dd52d41322ecc6ba84cfec463380f49487031459","HASH COINCIDE; REVISION PENDIENTE","Microsoft.NETCore.App.Runtime.win-x64/10.0.12:runtimes/win-x64/lib/net10.0/System.Reflection.TypeExtensions.dll"
"System.Resources.Reader.dll","15144","20bdb5d302b5e28f6042c9f281cfa3ae2f2358544cc40783052fe5abf6aa859b","HASH COINCIDE; REVISION PENDIENTE","Microsoft.NETCore.App.Runtime.win-x64/10.0.12:runtimes/win-x64/lib/net10.0/System.Resources.Reader.dll"
"System.Resources.ResourceManager.dll","15696","f709eb5cf16e26679782784c428825019785fcc7085562092425d4999bece03d","HASH COINCIDE; REVISION PENDIENTE","Microsoft.NETCore.App.Runtime.win-x64/10.0.12:runtimes/win-x64/lib/net10.0/System.Resources.ResourceManager.dll"
"System.Resources.Writer.dll","50984","684836486b9ba2817efa3099118860d259fd16db0c4c0533d42cad8c6c165b62","HASH COINCIDE; REVISION PENDIENTE","Microsoft.NETCore.App.Runtime.win-x64/10.0.12:runtimes/win-x64/lib/net10.0/System.Resources.Writer.dll"
"System.Runtime.CompilerServices.Unsafe.dll","15184","6e685ec0477b21a688cd38bfcafc673888cdf186c99df3c96fab352e96d6fdc8","HASH COINCIDE; REVISION PENDIENTE","Microsoft.NETCore.App.Runtime.win-x64/10.0.12:runtimes/win-x64/lib/net10.0/System.Runtime.CompilerServices.Unsafe.dll"
"System.Runtime.CompilerServices.VisualC.dll","30504","5fd85d3d7b47a921bdf48bf938c6615a49a4a3d493e1ea199f1b997c709618f4","HASH COINCIDE; REVISION PENDIENTE","Microsoft.NETCore.App.Runtime.win-x64/10.0.12:runtimes/win-x64/lib/net10.0/System.Runtime.CompilerServices.VisualC.dll"
"System.Runtime.dll","44840","76be53624f64b23d0249dfa0bbe85390086de7c44bfd490642ea86c6faaf44af","HASH COINCIDE; REVISION PENDIENTE","Microsoft.NETCore.App.Runtime.win-x64/10.0.12:runtimes/win-x64/lib/net10.0/System.Runtime.dll"
"System.Runtime.Extensions.dll","17704","3d7b517d4fd89ee58c53e0f642cc9be42e7a8669b51a85e861dafe118067cbfd","HASH COINCIDE; REVISION PENDIENTE","Microsoft.NETCore.App.Runtime.win-x64/10.0.12:runtimes/win-x64/lib/net10.0/System.Runtime.Extensions.dll"
"System.Runtime.Handles.dll","15656","985457a3e6a67e96a445ee0fb69b2d58bcdadc4c964253fb63e2d5061a36b050","HASH COINCIDE; REVISION PENDIENTE","Microsoft.NETCore.App.Runtime.win-x64/10.0.12:runtimes/win-x64/lib/net10.0/System.Runtime.Handles.dll"
"System.Runtime.InteropServices.dll","112464","e5eb1679f3579c9141e2bb9dbdce62624a623f38d299805cc1de07bacd21841f","HASH COINCIDE; REVISION PENDIENTE","Microsoft.NETCore.App.Runtime.win-x64/10.0.12:runtimes/win-x64/lib/net10.0/System.Runtime.InteropServices.dll"
"System.Runtime.InteropServices.JavaScript.dll","50984","5ba32bcde2d72362db2d6e02763ece79fa35bc878b50493e956ce594307e997f","HASH COINCIDE; REVISION PENDIENTE","Microsoft.NETCore.App.Runtime.win-x64/10.0.12:runtimes/win-x64/lib/net10.0/System.Runtime.InteropServices.JavaScript.dll"
"System.Runtime.InteropServices.RuntimeInformation.dll","15656","c26d9f94329422bd000f28f6c65fdc162bf9397a6d29e418a189d4ca49c5c3ec","HASH COINCIDE; REVISION PENDIENTE","Microsoft.NETCore.App.Runtime.win-x64/10.0.12:runtimes/win-x64/lib/net10.0/System.Runtime.InteropServices.RuntimeInformation.dll"
"System.Runtime.Intrinsics.dll","17192","b07694ec91f3a200acf0f8b37c6ce5fcf05126a9198ae156d839fa5ca8439dc5","HASH COINCIDE; REVISION PENDIENTE","Microsoft.NETCore.App.Runtime.win-x64/10.0.12:runtimes/win-x64/lib/net10.0/System.Runtime.Intrinsics.dll"
"System.Runtime.Loader.dll","15656","9b9b2a4f0358d9146e76178ddb87d019be380c78baa7dac853493d45df089f03","HASH COINCIDE; REVISION PENDIENTE","Microsoft.NETCore.App.Runtime.win-x64/10.0.12:runtimes/win-x64/lib/net10.0/System.Runtime.Loader.dll"
"System.Runtime.Numerics.dll","354128","8ac94fb810c092a9297a903762e79a75ae07d7229d0721540c391f86d3d5d220","HASH COINCIDE; REVISION PENDIENTE","Microsoft.NETCore.App.Runtime.win-x64/10.0.12:runtimes/win-x64/lib/net10.0/System.Runtime.Numerics.dll"
"System.Runtime.Serialization.dll","17192","d565fc261ca98cbd14833821f777860291e8a0f775de7aee91778a9f6647f6f4","HASH COINCIDE; REVISION PENDIENTE","Microsoft.NETCore.App.Runtime.win-x64/10.0.12:runtimes/win-x64/lib/net10.0/System.Runtime.Serialization.dll"
"System.Runtime.Serialization.Formatters.dll","124712","5e8e957c6b7a63132555ede5bcf5fe6a59934c83300e28074ec6e9845ecdd17f","HASH COINCIDE; REVISION PENDIENTE","Microsoft.NETCore.App.Runtime.win-x64/10.0.12:runtimes/win-x64/lib/net10.0/System.Runtime.Serialization.Formatters.dll"
"System.Runtime.Serialization.Json.dll","15656","2fd71e3545dab4fc89b3fe54d13a1142f26a0cf187ebe375b3f7fa210fcb2596","HASH COINCIDE; REVISION PENDIENTE","Microsoft.NETCore.App.Runtime.win-x64/10.0.12:runtimes/win-x64/lib/net10.0/System.Runtime.Serialization.Json.dll"
"System.Runtime.Serialization.Primitives.dll","38696","f96093940e64d8eead98c86de9773d3c9d12c2b033bc6b1312ac88398303fdf3","HASH COINCIDE; REVISION PENDIENTE","Microsoft.NETCore.App.Runtime.win-x64/10.0.12:runtimes/win-x64/lib/net10.0/System.Runtime.Serialization.Primitives.dll"
"System.Runtime.Serialization.Xml.dll","16680","eedb66ea2cd1a26cc45a46d6631209ccbec959af82208872a93b3ae52f189222","HASH COINCIDE; REVISION PENDIENTE","Microsoft.NETCore.App.Runtime.win-x64/10.0.12:runtimes/win-x64/lib/net10.0/System.Runtime.Serialization.Xml.dll"
"System.Security.AccessControl.dll","227112","cdc304f9ddb32023adb8db8953e56711c9b64462e4341d0b62e87ccd19dc7b10","HASH COINCIDE; REVISION PENDIENTE","Microsoft.NETCore.App.Runtime.win-x64/10.0.12:runtimes/win-x64/lib/net10.0/System.Security.AccessControl.dll"
"System.Security.Claims.dll","100176","c53c8a7e95d8296f951872fdd2e6334d11c20bffd4322f1a088773bf9dcaa3c2","HASH COINCIDE; REVISION PENDIENTE","Microsoft.NETCore.App.Runtime.win-x64/10.0.12:runtimes/win-x64/lib/net10.0/System.Security.Claims.dll"
"System.Security.Cryptography.Algorithms.dll","17232","eb99ae7dbe058a1b015aba6769ce1f65155b7ff51ff9a7203fcf6d7cdea5fef7","HASH COINCIDE; REVISION PENDIENTE","Microsoft.NETCore.App.Runtime.win-x64/10.0.12:runtimes/win-x64/lib/net10.0/System.Security.Cryptography.Algorithms.dll"
"System.Security.Cryptography.Cng.dll","16168","7319f97896d92a7d0729cf28dc6c4d1f797c1520b656ee01a780eec726ec2c16","HASH COINCIDE; REVISION PENDIENTE","Microsoft.NETCore.App.Runtime.win-x64/10.0.12:runtimes/win-x64/lib/net10.0/System.Security.Cryptography.Cng.dll"
"System.Security.Cryptography.Csp.dll","16208","4002af141e9cb29875b677841adf64a9681e5672c2595492dcbc161460d4e121","HASH COINCIDE; REVISION PENDIENTE","Microsoft.NETCore.App.Runtime.win-x64/10.0.12:runtimes/win-x64/lib/net10.0/System.Security.Cryptography.Csp.dll"
"System.Security.Cryptography.dll","2549544","e0a839a540e47343b53a936b32d91599a3470005228d50fd0b896f8bbdcc65b0","HASH COINCIDE; REVISION PENDIENTE","Microsoft.NETCore.App.Runtime.win-x64/10.0.12:runtimes/win-x64/lib/net10.0/System.Security.Cryptography.dll"
"System.Security.Cryptography.Encoding.dll","15656","994494aec7760f40fade2264aa7c13eebae36360f0b1399a7134bb19c9d58fda","HASH COINCIDE; REVISION PENDIENTE","Microsoft.NETCore.App.Runtime.win-x64/10.0.12:runtimes/win-x64/lib/net10.0/System.Security.Cryptography.Encoding.dll"
"System.Security.Cryptography.OpenSsl.dll","15656","1a8902bbad1b577a98bec62a8472105dc1e9a253e390f69fbe3d167e93206968","HASH COINCIDE; REVISION PENDIENTE","Microsoft.NETCore.App.Runtime.win-x64/10.0.12:runtimes/win-x64/lib/net10.0/System.Security.Cryptography.OpenSsl.dll"
"System.Security.Cryptography.Pkcs.dll","771880","5d537dc5a92c4624e030bb5a453849287076e8bc9011ed77c007e3d2e089880d","HASH COINCIDE; REVISION PENDIENTE","Microsoft.AspNetCore.App.Runtime.win-x64/10.0.12:runtimes/win-x64/lib/net10.0/System.Security.Cryptography.Pkcs.dll"
"System.Security.Cryptography.Primitives.dll","15656","194cccea9354bb248e44c954b5373f9069163f8f21524b3ee4b3185fe436bc15","HASH COINCIDE; REVISION PENDIENTE","Microsoft.NETCore.App.Runtime.win-x64/10.0.12:runtimes/win-x64/lib/net10.0/System.Security.Cryptography.Primitives.dll"
"System.Security.Cryptography.ProtectedData.dll","38672","2e9dc3858bab3ada3acb5565f89a724347286c6ed0b56897794de6e8216fd6c4","HASH COINCIDE; REVISION PENDIENTE","System.Security.Cryptography.ProtectedData/9.0.13:lib/net9.0/System.Security.Cryptography.ProtectedData.dll"
"System.Security.Cryptography.X509Certificates.dll","16680","7439c3b90bc2ee49a9275b28ed29052b4d48b45999ac1b7d25593033b1bb8dd6","HASH COINCIDE; REVISION PENDIENTE","Microsoft.NETCore.App.Runtime.win-x64/10.0.12:runtimes/win-x64/lib/net10.0/System.Security.Cryptography.X509Certificates.dll"
"System.Security.Cryptography.Xml.dll","452392","6737fe63f658f394e49309df96f1b650ebf87723c20d0ab28e0d2cc52363cd2c","HASH COINCIDE; REVISION PENDIENTE","Microsoft.AspNetCore.App.Runtime.win-x64/10.0.12:runtimes/win-x64/lib/net10.0/System.Security.Cryptography.Xml.dll"
"System.Security.dll","18256","d8efd304765e859369698efef9b3ca707defa8e142721fe5605d7a2de7d38375","HASH COINCIDE; REVISION PENDIENTE","Microsoft.NETCore.App.Runtime.win-x64/10.0.12:runtimes/win-x64/lib/net10.0/System.Security.dll"
"System.Security.Principal.dll","15144","1d3e351058be3a33214b23b308fe57f78cd6fd4d8fad448fc84cbbe7376129f9","HASH COINCIDE; REVISION PENDIENTE","Microsoft.NETCore.App.Runtime.win-x64/10.0.12:runtimes/win-x64/lib/net10.0/System.Security.Principal.dll"
"System.Security.Principal.Windows.dll","178000","2311a3f92971de918943573dfb66e04e25c1d543663951eb24e8eb1a0dcd4251","HASH COINCIDE; REVISION PENDIENTE","Microsoft.NETCore.App.Runtime.win-x64/10.0.12:runtimes/win-x64/lib/net10.0/System.Security.Principal.Windows.dll"
"System.Security.SecureString.dll","15696","73aac97072b7deefa4de9647bf822162224f1452ad467841b989ff89d4d94595","HASH COINCIDE; REVISION PENDIENTE","Microsoft.NETCore.App.Runtime.win-x64/10.0.12:runtimes/win-x64/lib/net10.0/System.Security.SecureString.dll"
"System.ServiceModel.Web.dll","16680","ce91013ee3a9a9d69a85e258f7749e6ece488295d7cb66f7c1079f2e8678fc5e","HASH COINCIDE; REVISION PENDIENTE","Microsoft.NETCore.App.Runtime.win-x64/10.0.12:runtimes/win-x64/lib/net10.0/System.ServiceModel.Web.dll"
"System.ServiceProcess.dll","15696","63fc498c9d04e3c4345dfdb8016ad0639d54562dd7d8c707c072792c854df944","HASH COINCIDE; REVISION PENDIENTE","Microsoft.NETCore.App.Runtime.win-x64/10.0.12:runtimes/win-x64/lib/net10.0/System.ServiceProcess.dll"
"System.Text.Encoding.CodePages.dll","862032","226e216e33c94ef7594bdffe670ba4dc5907151c113cb41ac9e9d570227e1765","HASH COINCIDE; REVISION PENDIENTE","Microsoft.NETCore.App.Runtime.win-x64/10.0.12:runtimes/win-x64/lib/net10.0/System.Text.Encoding.CodePages.dll"
"System.Text.Encoding.dll","15696","5e347db6b4f9b2746d50e1ac85be2d9cc7dc4038fde98ac4295bc7030c83cda9","HASH COINCIDE; REVISION PENDIENTE","Microsoft.NETCore.App.Runtime.win-x64/10.0.12:runtimes/win-x64/lib/net10.0/System.Text.Encoding.dll"
"System.Text.Encoding.Extensions.dll","15656","8f51b9535db64fe027a40d6076200b1a6b0889bf05f62bb8e68c3eb083c7f113","HASH COINCIDE; REVISION PENDIENTE","Microsoft.NETCore.App.Runtime.win-x64/10.0.12:runtimes/win-x64/lib/net10.0/System.Text.Encoding.Extensions.dll"
"System.Text.Encodings.Web.dll","124752","d20431f20d992e71a4e82e5f25c822474e2f4097d8527972d3d78ea1f26e47c3","HASH COINCIDE; REVISION PENDIENTE","Microsoft.NETCore.App.Runtime.win-x64/10.0.12:runtimes/win-x64/lib/net10.0/System.Text.Encodings.Web.dll"
"System.Text.Json.dll","1890128","fa99f413be21ed5f484a09093fe5f0beba7de3062cf9cc9f847dbf8108dba55a","HASH COINCIDE; REVISION PENDIENTE","Microsoft.NETCore.App.Runtime.win-x64/10.0.12:runtimes/win-x64/lib/net10.0/System.Text.Json.dll"
"System.Text.RegularExpressions.dll","1034064","060bcc88a688e687ff1404b83b5fb5cf17e19ec57f33d5b8a48ab494da83c134","HASH COINCIDE; REVISION PENDIENTE","Microsoft.NETCore.App.Runtime.win-x64/10.0.12:runtimes/win-x64/lib/net10.0/System.Text.RegularExpressions.dll"
"System.Threading.AccessControl.dll","75560","66d618b5522b3e4f7a3c7f2bd872fc378fa6f9bbdca3636854eb1a8cb948e631","HASH COINCIDE; REVISION PENDIENTE","Microsoft.NETCore.App.Runtime.win-x64/10.0.12:runtimes/win-x64/lib/net10.0/System.Threading.AccessControl.dll"
"System.Threading.Channels.dll","157480","afc5deb3c32b3f64bced2025d0b01b316d41b691ebc6ccb1a2ec445ad4c15e39","HASH COINCIDE; REVISION PENDIENTE","Microsoft.NETCore.App.Runtime.win-x64/10.0.12:runtimes/win-x64/lib/net10.0/System.Threading.Channels.dll"
"System.Threading.dll","83792","6c32ed1bf8067e4169e8feddd15e6489b89d19d1c7aae1520a551b57745d0a60","HASH COINCIDE; REVISION PENDIENTE","Microsoft.NETCore.App.Runtime.win-x64/10.0.12:runtimes/win-x64/lib/net10.0/System.Threading.dll"
"System.Threading.Overlapped.dll","15696","89fde15f8e520c4bcbc6cbfdceba2baed8670cdf52399a4cd7a21c6efb276c1a","HASH COINCIDE; REVISION PENDIENTE","Microsoft.NETCore.App.Runtime.win-x64/10.0.12:runtimes/win-x64/lib/net10.0/System.Threading.Overlapped.dll"
"System.Threading.RateLimiting.dll","165712","6dc24a23d99818b2cb2dfb8a1bcf1fab64ff6f4f48b0532bdd633fc22ee9284f","HASH COINCIDE; REVISION PENDIENTE","Microsoft.AspNetCore.App.Runtime.win-x64/10.0.12:runtimes/win-x64/lib/net10.0/System.Threading.RateLimiting.dll"
"System.Threading.Tasks.Dataflow.dll","472872","a895b0c73d3a1afc4d89c1d9e445ed447af12864c25aad2c4cb7398ff50aa934","HASH COINCIDE; REVISION PENDIENTE","Microsoft.NETCore.App.Runtime.win-x64/10.0.12:runtimes/win-x64/lib/net10.0/System.Threading.Tasks.Dataflow.dll"
"System.Threading.Tasks.dll","16680","f80b21f7dae04377b73945456cabe25e2ab1f4b564095aed546c2aa571644567","HASH COINCIDE; REVISION PENDIENTE","Microsoft.NETCore.App.Runtime.win-x64/10.0.12:runtimes/win-x64/lib/net10.0/System.Threading.Tasks.dll"
"System.Threading.Tasks.Extensions.dll","15696","f148e3a1414b7c2763ae21529ad79ad759f7cfd3c885256b64b0d2209dec2613","HASH COINCIDE; REVISION PENDIENTE","Microsoft.NETCore.App.Runtime.win-x64/10.0.12:runtimes/win-x64/lib/net10.0/System.Threading.Tasks.Extensions.dll"
"System.Threading.Tasks.Parallel.dll","132904","6fa359bdbebb56be96339f244ed41658afcead5e010074da470df1115d1e7699","HASH COINCIDE; REVISION PENDIENTE","Microsoft.NETCore.App.Runtime.win-x64/10.0.12:runtimes/win-x64/lib/net10.0/System.Threading.Tasks.Parallel.dll"
"System.Threading.Thread.dll","15696","ce71949bb1ea67b686e799128582015ebf8758f1107e59e43f342ece3f662930","HASH COINCIDE; REVISION PENDIENTE","Microsoft.NETCore.App.Runtime.win-x64/10.0.12:runtimes/win-x64/lib/net10.0/System.Threading.Thread.dll"
"System.Threading.ThreadPool.dll","15656","58fbc6c4b9c72087152fd0f0670a527098c00b0c19ba8d0979d3ca5ce07c6936","HASH COINCIDE; REVISION PENDIENTE","Microsoft.NETCore.App.Runtime.win-x64/10.0.12:runtimes/win-x64/lib/net10.0/System.Threading.ThreadPool.dll"
"System.Threading.Timer.dll","15144","9e4620846572f49aeb476aa99405071b4bbd0df4323e4e232787ed73642b1ee5","HASH COINCIDE; REVISION PENDIENTE","Microsoft.NETCore.App.Runtime.win-x64/10.0.12:runtimes/win-x64/lib/net10.0/System.Threading.Timer.dll"
"System.Transactions.dll","16720","56abfca0350c111d077b3d86a2469ea3da4fccc1871f7c51a8b4fdb664bb0ede","HASH COINCIDE; REVISION PENDIENTE","Microsoft.NETCore.App.Runtime.win-x64/10.0.12:runtimes/win-x64/lib/net10.0/System.Transactions.dll"
"System.Transactions.Local.dll","640808","8d0283a311a16333ffb6f966d9765e4d8b866777ad99291a93b30db349a15bc4","HASH COINCIDE; REVISION PENDIENTE","Microsoft.NETCore.App.Runtime.win-x64/10.0.12:runtimes/win-x64/lib/net10.0/System.Transactions.Local.dll"
"System.ValueTuple.dll","15696","07a5347f6a597e5e0d72109efa1a525697e8c3f74fb0029005500f8ebbf9187a","HASH COINCIDE; REVISION PENDIENTE","Microsoft.NETCore.App.Runtime.win-x64/10.0.12:runtimes/win-x64/lib/net10.0/System.ValueTuple.dll"
"System.Web.dll","15144","bc260b3db247ad9a6e4a82a275da85c3691a41272cc745cb7eaefcf1f31cc817","HASH COINCIDE; REVISION PENDIENTE","Microsoft.NETCore.App.Runtime.win-x64/10.0.12:runtimes/win-x64/lib/net10.0/System.Web.dll"
"System.Web.HttpUtility.dll","63272","2cedef51b0a2c2b84240583339ecf2422c650e3388aa46f3494160b93b673887","HASH COINCIDE; REVISION PENDIENTE","Microsoft.NETCore.App.Runtime.win-x64/10.0.12:runtimes/win-x64/lib/net10.0/System.Web.HttpUtility.dll"
"System.Windows.dll","15696","716eee98ceee87d38f0b301224462f8442aa793f4b1b9c3ffac315753320ab37","HASH COINCIDE; REVISION PENDIENTE","Microsoft.NETCore.App.Runtime.win-x64/10.0.12:runtimes/win-x64/lib/net10.0/System.Windows.dll"
"System.Xml.dll","23376","277a84ba155fe7808a514f32694a8157ec9f0eeeef00ef9643e5250004054ff0","HASH COINCIDE; REVISION PENDIENTE","Microsoft.NETCore.App.Runtime.win-x64/10.0.12:runtimes/win-x64/lib/net10.0/System.Xml.dll"
"System.Xml.Linq.dll","15696","ae04903b25717fa4695e7e63489091f0d461e791e0bd264c6c85250d668f540d","HASH COINCIDE; REVISION PENDIENTE","Microsoft.NETCore.App.Runtime.win-x64/10.0.12:runtimes/win-x64/lib/net10.0/System.Xml.Linq.dll"
"System.Xml.ReaderWriter.dll","21840","8e48fed4d12bcffff01e8059caafb564697275797d2f5ec6823fdd82b87fe938","HASH COINCIDE; REVISION PENDIENTE","Microsoft.NETCore.App.Runtime.win-x64/10.0.12:runtimes/win-x64/lib/net10.0/System.Xml.ReaderWriter.dll"
"System.Xml.Serialization.dll","16208","489694401c60905cb6dca8ef0bf738cb609cd45b337126a01c825b913086ba43","HASH COINCIDE; REVISION PENDIENTE","Microsoft.NETCore.App.Runtime.win-x64/10.0.12:runtimes/win-x64/lib/net10.0/System.Xml.Serialization.dll"
"System.Xml.XDocument.dll","15696","3ff858607de5146051498a7124ef983bea280d86e165f993516c6c26af81cfb5","HASH COINCIDE; REVISION PENDIENTE","Microsoft.NETCore.App.Runtime.win-x64/10.0.12:runtimes/win-x64/lib/net10.0/System.Xml.XDocument.dll"
"System.Xml.XmlDocument.dll","15656","a50b9b3a03596e36e73e7a7d54f4d018e8dcfaa7fe79e8cf900af8838ef3ec36","HASH COINCIDE; REVISION PENDIENTE","Microsoft.NETCore.App.Runtime.win-x64/10.0.12:runtimes/win-x64/lib/net10.0/System.Xml.XmlDocument.dll"
"System.Xml.XmlSerializer.dll","17744","0b7d057c2b5b2272e8d4096a755edfd96f3cf03ab9aaa3fef54b462bf48d517e","HASH COINCIDE; REVISION PENDIENTE","Microsoft.NETCore.App.Runtime.win-x64/10.0.12:runtimes/win-x64/lib/net10.0/System.Xml.XmlSerializer.dll"
"System.Xml.XPath.dll","15656","c817b11c58d95fa942fbc62a4cfa8219e16dafa5641eb004cb2be424028ed5d8","HASH COINCIDE; REVISION PENDIENTE","Microsoft.NETCore.App.Runtime.win-x64/10.0.12:runtimes/win-x64/lib/net10.0/System.Xml.XPath.dll"
"System.Xml.XPath.XDocument.dll","30504","5bcd27a7e93515b745993f6dda51391033883cb8a1a8a2e3dad5caed3548f0da","HASH COINCIDE; REVISION PENDIENTE","Microsoft.NETCore.App.Runtime.win-x64/10.0.12:runtimes/win-x64/lib/net10.0/System.Xml.XPath.XDocument.dll"
"THIRD_PARTY_NOTICES-Druse.md","3155","0f61ee06f24b58fda4708f1d5ed46e804efce782ce4fd1b721298977a4831383","SIN ATRIBUCION NUGET",""
"tr/Microsoft.Data.SqlClient.resources.dll","253336","70794f2ed8275fe845c5aca2a4aa0fd6617a28d09d23f423c3efe02db4c7116c","HASH COINCIDE; REVISION PENDIENTE","Microsoft.Data.SqlClient/7.0.2:lib/net9.0/tr/Microsoft.Data.SqlClient.resources.dll"
"web.config","486","25220cebaa8ce9da72221201418b7a68983671dc8a7513cbbce638c650230358","SIN ATRIBUCION NUGET",""
"WindowsBase.dll","16208","0ec46a38f29a234b9a4d0ae9364c8322f661a47c831c5b948f2787b7ca12dbbd","HASH COINCIDE; REVISION PENDIENTE","Microsoft.NETCore.App.Runtime.win-x64/10.0.12:runtimes/win-x64/lib/net10.0/WindowsBase.dll"
"zh-Hans/Microsoft.Data.SqlClient.resources.dll","228248","a5540af6f7ada158c21c47407c64dd9d07518d8596dee85dae05e3ce8568bfe3","HASH COINCIDE; REVISION PENDIENTE","Microsoft.Data.SqlClient/7.0.2:lib/net9.0/zh-Hans/Microsoft.Data.SqlClient.resources.dll"
"zh-Hant/Microsoft.Data.SqlClient.resources.dll","231832","8b0d9491461e710f136024dc24c54a9b1cca7a8091c0280163bb2d0659fc6087","HASH COINCIDE; REVISION PENDIENTE","Microsoft.Data.SqlClient/7.0.2:lib/net9.0/zh-Hant/Microsoft.Data.SqlClient.resources.dll"
